aastex	/usr/local/texlive/2025/texmf-dist/doc/latex/aastex/aastex701-sample.tex	/usr/local/texlive/2025/texmf-dist/doc/latex/aastex/aastex701-sample.pdf	699
abntex2	/usr/local/texlive/2025/texmf-dist/doc/latex/abntex2/abntex2cite-alf.tex	/usr/local/texlive/2025/texmf-dist/doc/latex/abntex2/abntex2cite-alf.pdf	932
abntexto	/usr/local/texlive/2025/texmf-dist/doc/latex/abntexto/abntexto-exemplo.tex	/usr/local/texlive/2025/texmf-dist/doc/latex/abntexto/abntexto-exemplo.pdf	510
abntexto-uece	/usr/local/texlive/2025/texmf-dist/doc/latex/abntexto-uece/abntexto-uece-exemplo.tex	/usr/local/texlive/2025/texmf-dist/doc/latex/abntexto-uece/abntexto-uece-exemplo.pdf	95
abraces	/usr/local/texlive/2025/texmf-dist/doc/latex/abraces/abraces-doc.tex	/usr/local/texlive/2025/texmf-dist/doc/latex/abraces/abraces-doc.pdf	342
accents	/usr/local/texlive/2025/texmf-dist/doc/latex/accents/accents.tex	/usr/local/texlive/2025/texmf-dist/doc/latex/accents/accents.pdf	222
achemso	/usr/local/texlive/2025/texmf-dist/doc/latex/achemso/achemso-demo.tex	/usr/local/texlive/2025/texmf-dist/doc/latex/achemso/achemso-demo.pdf	376
addfont	/usr/local/texlive/2025/texmf-dist/doc/latex/addfont/addfont.tex	/usr/local/texlive/2025/texmf-dist/doc/latex/addfont/addfont.pdf	190
adjmulticol	/usr/local/texlive/2025/texmf-dist/doc/latex/adjmulticol/sample.tex	/usr/local/texlive/2025/texmf-dist/doc/latex/adjmulticol/sample.pdf	31
adtrees	/usr/local/texlive/2025/texmf-dist/doc/latex/adtrees/adtreesdoc.tex	/usr/local/texlive/2025/texmf-dist/doc/latex/adtrees/adtreesdoc.pdf	1634
aeguill	/usr/local/texlive/2025/texmf-dist/doc/latex/aeguill/guil-test1.tex	/usr/local/texlive/2025/texmf-dist/doc/latex/aeguill/guil-test1.pdf	56
afperpack	/usr/local/texlive/2025/texmf-dist/doc/latex/afperpack/afperpack.tex	/usr/local/texlive/2025/texmf-dist/doc/latex/afperpack/afperpack.pdf	123
afthesis	/usr/local/texlive/2025/texmf-dist/doc/latex/afthesis/usethesis.tex	/usr/local/texlive/2025/texmf-dist/doc/latex/afthesis/usethesis.pdf	338
aguplus	/usr/local/texlive/2025/texmf-dist/doc/latex/aguplus/aguplus.tex	/usr/local/texlive/2025/texmf-dist/doc/latex/aguplus/aguplus.pdf	1104
aiaa	/usr/local/texlive/2025/texmf-dist/doc/latex/aiaa/template_basic.tex	/usr/local/texlive/2025/texmf-dist/doc/latex/aiaa/template_basic.pdf	197
algorithmicx	/usr/local/texlive/2025/texmf-dist/doc/latex/algorithmicx/algorithmicx.tex	/usr/local/texlive/2025/texmf-dist/doc/latex/algorithmicx/algorithmicx.pdf	1768
algpseudocodex	/usr/local/texlive/2025/texmf-dist/doc/latex/algpseudocodex/algpseudocodex.tex	/usr/local/texlive/2025/texmf-dist/doc/latex/algpseudocodex/algpseudocodex.pdf	801
algxpar	/usr/local/texlive/2025/texmf-dist/doc/latex/algxpar/algxpar-doc.tex	/usr/local/texlive/2025/texmf-dist/doc/latex/algxpar/algxpar-doc.pdf	1274
amscls-doc	/usr/local/texlive/2025/texmf-dist/doc/latex/amscls-doc/Author_Handbook_ProcColl.tex	/usr/local/texlive/2025/texmf-dist/doc/latex/amscls-doc/Author_Handbook_ProcColl.pdf	23
amslatex-primer	/usr/local/texlive/2025/texmf-dist/doc/latex/amslatex-primer/amshelp.tex	/usr/local/texlive/2025/texmf-dist/doc/latex/amslatex-primer/amshelp.pdf	4919
amsldoc-vn	/usr/local/texlive/2025/texmf-dist/doc/latex/amsldoc-vn/amsldoc-vi.tex	/usr/local/texlive/2025/texmf-dist/doc/latex/amsldoc-vn/amsldoc-vi.pdf	3330
amsmath	/usr/local/texlive/2025/texmf-dist/doc/latex/amsmath/technote.tex	/usr/local/texlive/2025/texmf-dist/doc/latex/amsmath/technote.pdf	233
amsthdoc-it	/usr/local/texlive/2025/texmf-dist/doc/latex/amsthdoc-it/amsthdoc_it.tex	/usr/local/texlive/2025/texmf-dist/doc/latex/amsthdoc-it/amsthdoc_it.pdf	336
annee-scolaire	/usr/local/texlive/2025/texmf-dist/doc/latex/annee-scolaire/annee-scolaire-fra.tex	/usr/local/texlive/2025/texmf-dist/doc/latex/annee-scolaire/annee-scolaire-fra.pdf	285
annotate-equations	/usr/local/texlive/2025/texmf-dist/doc/latex/annotate-equations/annotate-equations.tex	/usr/local/texlive/2025/texmf-dist/doc/latex/annotate-equations/annotate-equations.pdf	388
anonymous-acm	/usr/local/texlive/2025/texmf-dist/doc/latex/anonymous-acm/anonymous-acm.tex	/usr/local/texlive/2025/texmf-dist/doc/latex/anonymous-acm/anonymous-acm.pdf	268
anysize	/usr/local/texlive/2025/texmf-dist/doc/latex/anysize/anysize.tex	/usr/local/texlive/2025/texmf-dist/doc/latex/anysize/anysize.pdf	86
aomart	/usr/local/texlive/2025/texmf-dist/doc/latex/aomart/aomfrench.tex	/usr/local/texlive/2025/texmf-dist/doc/latex/aomart/aomfrench.pdf	235
arabi	/usr/local/texlive/2025/texmf-dist/doc/latex/arabi/samplebook.tex	/usr/local/texlive/2025/texmf-dist/doc/latex/arabi/samplebook.pdf	929
argumentation	/usr/local/texlive/2025/texmf-dist/doc/latex/argumentation/argumentation-doc.tex	/usr/local/texlive/2025/texmf-dist/doc/latex/argumentation/argumentation-doc.pdf	1173
arsclassica	/usr/local/texlive/2025/texmf-dist/doc/latex/arsclassica/ArsClassica.tex	/usr/local/texlive/2025/texmf-dist/doc/latex/arsclassica/ArsClassica.pdf	42
ascelike	/usr/local/texlive/2025/texmf-dist/doc/latex/ascelike/ascexmpl.tex	/usr/local/texlive/2025/texmf-dist/doc/latex/ascelike/ascexmpl.pdf	662
askmaps	/usr/local/texlive/2025/texmf-dist/doc/latex/askmaps/askmaps.tex	/usr/local/texlive/2025/texmf-dist/doc/latex/askmaps/askmaps.pdf	1186
asmeconf	/usr/local/texlive/2025/texmf-dist/doc/latex/asmeconf/asmeconf-template.tex	/usr/local/texlive/2025/texmf-dist/doc/latex/asmeconf/asmeconf-template.pdf	761
asmejour	/usr/local/texlive/2025/texmf-dist/doc/latex/asmejour/asmejour-template.tex	/usr/local/texlive/2025/texmf-dist/doc/latex/asmejour/asmejour-template.pdf	670
aspectratio	/usr/local/texlive/2025/texmf-dist/doc/latex/aspectratio/ar.tex	/usr/local/texlive/2025/texmf-dist/doc/latex/aspectratio/ar.pdf	162
assignment	/usr/local/texlive/2025/texmf-dist/doc/latex/assignment/assignment.tex	/usr/local/texlive/2025/texmf-dist/doc/latex/assignment/assignment.pdf	182
association-matrix	/usr/local/texlive/2025/texmf-dist/doc/latex/association-matrix/association-matrix.tex	/usr/local/texlive/2025/texmf-dist/doc/latex/association-matrix/association-matrix.pdf	361
atableau	/usr/local/texlive/2025/texmf-dist/doc/latex/atableau/atableau_beamer.tex	/usr/local/texlive/2025/texmf-dist/doc/latex/atableau/atableau_beamer.pdf	35
axodraw2	/usr/local/texlive/2025/texmf-dist/doc/latex/axodraw2/axodraw2-man.tex	/usr/local/texlive/2025/texmf-dist/doc/latex/axodraw2/axodraw2-man.pdf	5204
bangla	/usr/local/texlive/2025/texmf-dist/doc/latex/bangla/bangla.tex	/usr/local/texlive/2025/texmf-dist/doc/latex/bangla/bangla.pdf	184
bardiag	/usr/local/texlive/2025/texmf-dist/doc/latex/bardiag/bardiag2.tex	/usr/local/texlive/2025/texmf-dist/doc/latex/bardiag/bardiag2.pdf	78
base	/usr/local/texlive/2025/texmf-dist/doc/latex/base/fntguide.tex	/usr/local/texlive/2025/texmf-dist/doc/latex/base/fntguide.pdf	2811
bchart	/usr/local/texlive/2025/texmf-dist/doc/latex/bchart/bchart.tex	/usr/local/texlive/2025/texmf-dist/doc/latex/bchart/bchart.pdf	462
bclogo	/usr/local/texlive/2025/texmf-dist/doc/latex/bclogo/syracuse.tex	/usr/local/texlive/2025/texmf-dist/doc/latex/bclogo/syracuse.pdf	19
beamer-theme-albi	/usr/local/texlive/2025/texmf-dist/doc/latex/beamer-theme-albi/beamer-theme-albi-doc.tex	/usr/local/texlive/2025/texmf-dist/doc/latex/beamer-theme-albi/beamer-theme-albi-doc.pdf	994
beamer-verona	/usr/local/texlive/2025/texmf-dist/doc/latex/beamer-verona/beamer-verona-sidebar.tex	/usr/local/texlive/2025/texmf-dist/doc/latex/beamer-verona/beamer-verona-sidebar.pdf	113
beamerappendixnote	/usr/local/texlive/2025/texmf-dist/doc/latex/beamerappendixnote/example-longnote.tex	/usr/local/texlive/2025/texmf-dist/doc/latex/beamerappendixnote/example-longnote.pdf	9
beamerauxtheme	/usr/local/texlive/2025/texmf-dist/doc/latex/beamerauxtheme/example-outer-splitwithminiframes.tex	/usr/local/texlive/2025/texmf-dist/doc/latex/beamerauxtheme/example-outer-splitwithminiframes.pdf	30
beamerauxtheme	/usr/local/texlive/2025/texmf-dist/doc/latex/beamerauxtheme/example-outer-twolines.tex	/usr/local/texlive/2025/texmf-dist/doc/latex/beamerauxtheme/example-outer-twolines.pdf	30
beamerswitch	/usr/local/texlive/2025/texmf-dist/doc/latex/beamerswitch/beamerswitch-example.tex	/usr/local/texlive/2025/texmf-dist/doc/latex/beamerswitch/beamerswitch-example.pdf	83
beamertheme-detlevcm	/usr/local/texlive/2025/texmf-dist/doc/latex/beamertheme-detlevcm/beamertheme-detlevcm.tex	/usr/local/texlive/2025/texmf-dist/doc/latex/beamertheme-detlevcm/beamertheme-detlevcm.pdf	128
beamertheme-focus	/usr/local/texlive/2025/texmf-dist/doc/latex/beamertheme-focus/focus-demo.tex	/usr/local/texlive/2025/texmf-dist/doc/latex/beamertheme-focus/focus-demo.pdf	149
beamertheme-gotham	/usr/local/texlive/2025/texmf-dist/doc/latex/beamertheme-gotham/gotham-exampleSimple.tex	/usr/local/texlive/2025/texmf-dist/doc/latex/beamertheme-gotham/gotham-exampleSimple.pdf	7
beamertheme-light	/usr/local/texlive/2025/texmf-dist/doc/latex/beamertheme-light/beamertheme-light-example.tex	/usr/local/texlive/2025/texmf-dist/doc/latex/beamertheme-light/beamertheme-light-example.pdf	47
beamertheme-metropolis	/usr/local/texlive/2025/texmf-dist/doc/latex/beamertheme-metropolis/demo.tex	/usr/local/texlive/2025/texmf-dist/doc/latex/beamertheme-metropolis/demo.pdf	336
beamertheme-mirage	/usr/local/texlive/2025/texmf-dist/doc/latex/beamertheme-mirage/mirage-beamer-zh.tex	/usr/local/texlive/2025/texmf-dist/doc/latex/beamertheme-mirage/mirage-beamer-zh.pdf	136
beamertheme-mirage	/usr/local/texlive/2025/texmf-dist/doc/latex/beamertheme-mirage/mirage-poster-en.tex	/usr/local/texlive/2025/texmf-dist/doc/latex/beamertheme-mirage/mirage-poster-en.pdf	172
beamertheme-phnompenh	/usr/local/texlive/2025/texmf-dist/doc/latex/beamertheme-phnompenh/beamerthemePhnomPenh.tex	/usr/local/texlive/2025/texmf-dist/doc/latex/beamertheme-phnompenh/beamerthemePhnomPenh.pdf	25
beamertheme-pure-minimalistic	/usr/local/texlive/2025/texmf-dist/doc/latex/beamertheme-pure-minimalistic/beamertheme-pure-minimalistic-demo.tex	/usr/local/texlive/2025/texmf-dist/doc/latex/beamertheme-pure-minimalistic/beamertheme-pure-minimalistic-demo.pdf	335
beamertheme-simpledarkblue	/usr/local/texlive/2025/texmf-dist/doc/latex/beamertheme-simpledarkblue/beamertheme-simpledarkblue-sample.tex	/usr/local/texlive/2025/texmf-dist/doc/latex/beamertheme-simpledarkblue/beamertheme-simpledarkblue-sample.pdf	155
beamertheme-simpleplus	/usr/local/texlive/2025/texmf-dist/doc/latex/beamertheme-simpleplus/beamertheme-simpleplus-sample.tex	/usr/local/texlive/2025/texmf-dist/doc/latex/beamertheme-simpleplus/beamertheme-simpleplus-sample.pdf	155
beamerthemeamurmaple	/usr/local/texlive/2025/texmf-dist/doc/latex/beamerthemeamurmaple/beamer-amurmaple-doc.tex	/usr/local/texlive/2025/texmf-dist/doc/latex/beamerthemeamurmaple/beamer-amurmaple-doc.pdf	635
beamerthemecelestia	/usr/local/texlive/2025/texmf-dist/doc/latex/beamerthemecelestia/Celestia-demo-zen.tex	/usr/local/texlive/2025/texmf-dist/doc/latex/beamerthemecelestia/Celestia-demo-zen.pdf	294
beamerthemeconcrete	/usr/local/texlive/2025/texmf-dist/doc/latex/beamerthemeconcrete/demo-cgauss.tex	/usr/local/texlive/2025/texmf-dist/doc/latex/beamerthemeconcrete/demo-cgauss.pdf	175
beamerthemeconcrete	/usr/local/texlive/2025/texmf-dist/doc/latex/beamerthemeconcrete/demo-clagrange.tex	/usr/local/texlive/2025/texmf-dist/doc/latex/beamerthemeconcrete/demo-clagrange.pdf	71
beamerthemelalic	/usr/local/texlive/2025/texmf-dist/doc/latex/beamerthemelalic/beamerthemelalic-exemplo.tex	/usr/local/texlive/2025/texmf-dist/doc/latex/beamerthemelalic/beamerthemelalic-exemplo.pdf	196
beautybook	/usr/local/texlive/2025/texmf-dist/doc/latex/beautybook/beautybook-en.tex	/usr/local/texlive/2025/texmf-dist/doc/latex/beautybook/beautybook-en.pdf	1042
beautynote	/usr/local/texlive/2025/texmf-dist/doc/latex/beautynote/beautynote.tex	/usr/local/texlive/2025/texmf-dist/doc/latex/beautynote/beautynote.pdf	160
begriff	/usr/local/texlive/2025/texmf-dist/doc/latex/begriff/examples.tex	/usr/local/texlive/2025/texmf-dist/doc/latex/begriff/examples.pdf	85
bewerbung	/usr/local/texlive/2025/texmf-dist/doc/latex/bewerbung/argetabelle-example.tex	/usr/local/texlive/2025/texmf-dist/doc/latex/bewerbung/argetabelle-example.pdf	28
bewerbung	/usr/local/texlive/2025/texmf-dist/doc/latex/bewerbung/bewerbung-example.tex	/usr/local/texlive/2025/texmf-dist/doc/latex/bewerbung/bewerbung-example.pdf	81
bfh-ci	/usr/local/texlive/2025/texmf-dist/doc/latex/bfh-ci/DEMO-BFHBeamer-Sidebar.tex	/usr/local/texlive/2025/texmf-dist/doc/latex/bfh-ci/DEMO-BFHBeamer-Sidebar.pdf	115
bfh-ci	/usr/local/texlive/2025/texmf-dist/doc/latex/bfh-ci/DEMO-BFHProjektProposal.tex	/usr/local/texlive/2025/texmf-dist/doc/latex/bfh-ci/DEMO-BFHProjektProposal.pdf	70
bibarts	/usr/local/texlive/2025/texmf-dist/doc/latex/bibarts/ba-short.tex	/usr/local/texlive/2025/texmf-dist/doc/latex/bibarts/ba-short.pdf	890
bibarts	/usr/local/texlive/2025/texmf-dist/doc/latex/bibarts/bibarts.tex	/usr/local/texlive/2025/texmf-dist/doc/latex/bibarts/bibarts.pdf	8080
biblatex-apa	/usr/local/texlive/2025/texmf-dist/doc/latex/biblatex-apa/biblatex-apa-test.tex	/usr/local/texlive/2025/texmf-dist/doc/latex/biblatex-apa/biblatex-apa-test.pdf	1215
biblatex-apa6	/usr/local/texlive/2025/texmf-dist/doc/latex/biblatex-apa6/biblatex-apa6-test.tex	/usr/local/texlive/2025/texmf-dist/doc/latex/biblatex-apa6/biblatex-apa6-test.pdf	458
biblatex-caspervector	/usr/local/texlive/2025/texmf-dist/doc/latex/biblatex-caspervector/caspervector.tex	/usr/local/texlive/2025/texmf-dist/doc/latex/biblatex-caspervector/caspervector.pdf	538
biblatex-caspervector	/usr/local/texlive/2025/texmf-dist/doc/latex/biblatex-caspervector/caspervector-ay.tex	/usr/local/texlive/2025/texmf-dist/doc/latex/biblatex-caspervector/caspervector-ay.pdf	67
biblatex-cheatsheet	/usr/local/texlive/2025/texmf-dist/doc/latex/biblatex-cheatsheet/biblatex-cheatsheet.tex	/usr/local/texlive/2025/texmf-dist/doc/latex/biblatex-cheatsheet/biblatex-cheatsheet.pdf	606
biblatex-chicago	/usr/local/texlive/2025/texmf-dist/doc/latex/biblatex-chicago/cms-noteref-demo.tex	/usr/local/texlive/2025/texmf-dist/doc/latex/biblatex-chicago/cms-noteref-demo.pdf	286
biblatex-chicago	/usr/local/texlive/2025/texmf-dist/doc/latex/biblatex-chicago/cms-trad-appendix.tex	/usr/local/texlive/2025/texmf-dist/doc/latex/biblatex-chicago/cms-trad-appendix.pdf	123
biblatex-cse	/usr/local/texlive/2025/texmf-dist/doc/latex/biblatex-cse/biblatex-cse-doc.tex	/usr/local/texlive/2025/texmf-dist/doc/latex/biblatex-cse/biblatex-cse-doc.pdf	424
biblatex-cv	/usr/local/texlive/2025/texmf-dist/doc/latex/biblatex-cv/cv.tex	/usr/local/texlive/2025/texmf-dist/doc/latex/biblatex-cv/cv.pdf	40
biblatex-ext	/usr/local/texlive/2025/texmf-dist/doc/latex/biblatex-ext/biblatex-ext.tex	/usr/local/texlive/2025/texmf-dist/doc/latex/biblatex-ext/biblatex-ext.pdf	4384
biblatex-fiwi	/usr/local/texlive/2025/texmf-dist/doc/latex/biblatex-fiwi/example-biblatex-fiwi2-options.tex	/usr/local/texlive/2025/texmf-dist/doc/latex/biblatex-fiwi/example-biblatex-fiwi2-options.pdf	32
biblatex-german-legal	/usr/local/texlive/2025/texmf-dist/doc/latex/biblatex-german-legal/biblatex-german-legal.tex	/usr/local/texlive/2025/texmf-dist/doc/latex/biblatex-german-legal/biblatex-german-legal.pdf	460
biblatex-gost	/usr/local/texlive/2025/texmf-dist/doc/latex/biblatex-gost/biblatex-gost.tex	/usr/local/texlive/2025/texmf-dist/doc/latex/biblatex-gost/biblatex-gost.pdf	2968
biblatex-gost	/usr/local/texlive/2025/texmf-dist/doc/latex/biblatex-gost/biblatex-gost-examples.tex	/usr/local/texlive/2025/texmf-dist/doc/latex/biblatex-gost/biblatex-gost-examples.pdf	133
biblatex-iso690	/usr/local/texlive/2025/texmf-dist/doc/latex/biblatex-iso690/biblatex-iso690.tex	/usr/local/texlive/2025/texmf-dist/doc/latex/biblatex-iso690/biblatex-iso690.pdf	951
biblatex-juradiss	/usr/local/texlive/2025/texmf-dist/doc/latex/biblatex-juradiss/biblatex-juradiss.tex	/usr/local/texlive/2025/texmf-dist/doc/latex/biblatex-juradiss/biblatex-juradiss.pdf	986
biblatex-license	/usr/local/texlive/2025/texmf-dist/doc/latex/biblatex-license/biblatex-license.tex	/usr/local/texlive/2025/texmf-dist/doc/latex/biblatex-license/biblatex-license.pdf	150
biblatex-musuos	/usr/local/texlive/2025/texmf-dist/doc/latex/biblatex-musuos/biblatex-musuos.tex	/usr/local/texlive/2025/texmf-dist/doc/latex/biblatex-musuos/biblatex-musuos.pdf	438
biblatex-nature	/usr/local/texlive/2025/texmf-dist/doc/latex/biblatex-nature/biblatex-nature.tex	/usr/local/texlive/2025/texmf-dist/doc/latex/biblatex-nature/biblatex-nature.pdf	124
biblatex-nejm	/usr/local/texlive/2025/texmf-dist/doc/latex/biblatex-nejm/biblatex-nejm.tex	/usr/local/texlive/2025/texmf-dist/doc/latex/biblatex-nejm/biblatex-nejm.pdf	266
biblatex-oxref	/usr/local/texlive/2025/texmf-dist/doc/latex/biblatex-oxref/oxalph-doc.tex	/usr/local/texlive/2025/texmf-dist/doc/latex/biblatex-oxref/oxalph-doc.pdf	5309
biblatex-oxref	/usr/local/texlive/2025/texmf-dist/doc/latex/biblatex-oxref/oxnum-doc.tex	/usr/local/texlive/2025/texmf-dist/doc/latex/biblatex-oxref/oxnum-doc.pdf	5215
biblatex-readbbl	/usr/local/texlive/2025/texmf-dist/doc/latex/biblatex-readbbl/biblatex-readbbl.tex	/usr/local/texlive/2025/texmf-dist/doc/latex/biblatex-readbbl/biblatex-readbbl.pdf	139
biblatex-sbl	/usr/local/texlive/2025/texmf-dist/doc/latex/biblatex-sbl/biblatex-sbl-ibid.tex	/usr/local/texlive/2025/texmf-dist/doc/latex/biblatex-sbl/biblatex-sbl-ibid.pdf	239
biblatex-sbl	/usr/local/texlive/2025/texmf-dist/doc/latex/biblatex-sbl/sbl-paper.tex	/usr/local/texlive/2025/texmf-dist/doc/latex/biblatex-sbl/sbl-paper.pdf	239
biblatex-science	/usr/local/texlive/2025/texmf-dist/doc/latex/biblatex-science/biblatex-science.tex	/usr/local/texlive/2025/texmf-dist/doc/latex/biblatex-science/biblatex-science.pdf	117
biblatex-software	/usr/local/texlive/2025/texmf-dist/doc/latex/biblatex-software/sample-use-sty.tex	/usr/local/texlive/2025/texmf-dist/doc/latex/biblatex-software/sample-use-sty.pdf	35
biblatex-spbasic	/usr/local/texlive/2025/texmf-dist/doc/latex/biblatex-spbasic/biblatex-spbasic.tex	/usr/local/texlive/2025/texmf-dist/doc/latex/biblatex-spbasic/biblatex-spbasic.pdf	102
biblatex-true-citepages-omit	/usr/local/texlive/2025/texmf-dist/doc/latex/biblatex-true-citepages-omit/biblatex-true-citepages-omit-example.tex	/usr/local/texlive/2025/texmf-dist/doc/latex/biblatex-true-citepages-omit/biblatex-true-citepages-omit-example.pdf	17
biblatex-unified	/usr/local/texlive/2025/texmf-dist/doc/latex/biblatex-unified/unified-test.tex	/usr/local/texlive/2025/texmf-dist/doc/latex/biblatex-unified/unified-test.pdf	22
biblatex2bibitem	/usr/local/texlive/2025/texmf-dist/doc/latex/biblatex2bibitem/biblatex2bibitem-mwe.tex	/usr/local/texlive/2025/texmf-dist/doc/latex/biblatex2bibitem/biblatex2bibitem-mwe.pdf	23
biocon	/usr/local/texlive/2025/texmf-dist/doc/latex/biocon/manual.tex	/usr/local/texlive/2025/texmf-dist/doc/latex/biocon/manual.pdf	73
bizcard	/usr/local/texlive/2025/texmf-dist/doc/latex/bizcard/bizex.tex	/usr/local/texlive/2025/texmf-dist/doc/latex/bizcard/bizex.pdf	75
blochsphere	/usr/local/texlive/2025/texmf-dist/doc/latex/blochsphere/example.tex	/usr/local/texlive/2025/texmf-dist/doc/latex/blochsphere/example.pdf	30
blowup	/usr/local/texlive/2025/texmf-dist/doc/latex/blowup/blowup-ex6.tex	/usr/local/texlive/2025/texmf-dist/doc/latex/blowup/blowup-ex6.pdf	57
boites	/usr/local/texlive/2025/texmf-dist/doc/latex/boites/demo.tex	/usr/local/texlive/2025/texmf-dist/doc/latex/boites/demo.pdf	102
boldtensors	/usr/local/texlive/2025/texmf-dist/doc/latex/boldtensors/boldtensors.tex	/usr/local/texlive/2025/texmf-dist/doc/latex/boldtensors/boldtensors.pdf	77
bondgraph	/usr/local/texlive/2025/texmf-dist/doc/latex/bondgraph/bondgraph_example.tex	/usr/local/texlive/2025/texmf-dist/doc/latex/bondgraph/bondgraph_example.pdf	90
bookest	/usr/local/texlive/2025/texmf-dist/doc/latex/bookest/bookestdoc-it.tex	/usr/local/texlive/2025/texmf-dist/doc/latex/bookest/bookestdoc-it.pdf	208
bootstrapicons	/usr/local/texlive/2025/texmf-dist/doc/latex/bootstrapicons/exp.tex	/usr/local/texlive/2025/texmf-dist/doc/latex/bootstrapicons/exp.pdf	13
braids	/usr/local/texlive/2025/texmf-dist/doc/latex/braids/braids.tex	/usr/local/texlive/2025/texmf-dist/doc/latex/braids/braids.pdf	893
braille	/usr/local/texlive/2025/texmf-dist/doc/latex/braille/summary.tex	/usr/local/texlive/2025/texmf-dist/doc/latex/braille/summary.pdf	683
brandeis-problemset	/usr/local/texlive/2025/texmf-dist/doc/latex/brandeis-problemset/example.tex	/usr/local/texlive/2025/texmf-dist/doc/latex/brandeis-problemset/example.pdf	294
bredzenie	/usr/local/texlive/2025/texmf-dist/doc/latex/bredzenie/bredzenie.tex	/usr/local/texlive/2025/texmf-dist/doc/latex/bredzenie/bredzenie.pdf	198
broydensolve	/usr/local/texlive/2025/texmf-dist/doc/latex/broydensolve/broydensolve-doc.tex	/usr/local/texlive/2025/texmf-dist/doc/latex/broydensolve/broydensolve-doc.pdf	330
bullcntr	/usr/local/texlive/2025/texmf-dist/doc/latex/bullcntr/bullcntr-man.tex	/usr/local/texlive/2025/texmf-dist/doc/latex/bullcntr/bullcntr-man.pdf	1614
bussproofs	/usr/local/texlive/2025/texmf-dist/doc/latex/bussproofs/testbp2.tex	/usr/local/texlive/2025/texmf-dist/doc/latex/bussproofs/testbp2.pdf	321
bxcalc	/usr/local/texlive/2025/texmf-dist/doc/latex/bxcalc/sample-bxcalc.tex	/usr/local/texlive/2025/texmf-dist/doc/latex/bxcalc/sample-bxcalc.pdf	29
bxcjkjatype	/usr/local/texlive/2025/texmf-dist/doc/latex/bxcjkjatype/sample-bxcjkjatype-beamer.tex	/usr/local/texlive/2025/texmf-dist/doc/latex/bxcjkjatype/sample-bxcjkjatype-beamer.pdf	76
bxcoloremoji	/usr/local/texlive/2025/texmf-dist/doc/latex/bxcoloremoji/bxcoloremoji-ja.tex	/usr/local/texlive/2025/texmf-dist/doc/latex/bxcoloremoji/bxcoloremoji-ja.pdf	696
bxeepic	/usr/local/texlive/2025/texmf-dist/doc/latex/bxeepic/sample-bxeepic.tex	/usr/local/texlive/2025/texmf-dist/doc/latex/bxeepic/sample-bxeepic.pdf	11
bxtexlogo	/usr/local/texlive/2025/texmf-dist/doc/latex/bxtexlogo/bxtexlogo-sample.tex	/usr/local/texlive/2025/texmf-dist/doc/latex/bxtexlogo/bxtexlogo-sample.pdf	169
bytefield	/usr/local/texlive/2025/texmf-dist/doc/latex/bytefield/bf-example.tex	/usr/local/texlive/2025/texmf-dist/doc/latex/bytefield/bf-example.pdf	496
cahierprof	/usr/local/texlive/2025/texmf-dist/doc/latex/cahierprof/cahierprof-exemple.tex	/usr/local/texlive/2025/texmf-dist/doc/latex/cahierprof/cahierprof-exemple.pdf	157
callouts	/usr/local/texlive/2025/texmf-dist/doc/latex/callouts/callouts.tex	/usr/local/texlive/2025/texmf-dist/doc/latex/callouts/callouts.pdf	111
cartonaugh	/usr/local/texlive/2025/texmf-dist/doc/latex/cartonaugh/cartonaugh-example.tex	/usr/local/texlive/2025/texmf-dist/doc/latex/cartonaugh/cartonaugh-example.pdf	10
cascade	/usr/local/texlive/2025/texmf-dist/doc/latex/cascade/cascade-french.tex	/usr/local/texlive/2025/texmf-dist/doc/latex/cascade/cascade-french.pdf	340
cascadilla	/usr/local/texlive/2025/texmf-dist/doc/latex/cascadilla/example.tex	/usr/local/texlive/2025/texmf-dist/doc/latex/cascadilla/example.pdf	309
cases	/usr/local/texlive/2025/texmf-dist/doc/latex/cases/cases.tex	/usr/local/texlive/2025/texmf-dist/doc/latex/cases/cases.pdf	214
causets	/usr/local/texlive/2025/texmf-dist/doc/latex/causets/causets_example1.tex	/usr/local/texlive/2025/texmf-dist/doc/latex/causets/causets_example1.pdf	23
cdcmd	/usr/local/texlive/2025/texmf-dist/doc/latex/cdcmd/cdcmd-cn.tex	/usr/local/texlive/2025/texmf-dist/doc/latex/cdcmd/cdcmd-cn.pdf	175
cdpbundl	/usr/local/texlive/2025/texmf-dist/doc/latex/cdpbundl/cdp-ver-0-36.tex	/usr/local/texlive/2025/texmf-dist/doc/latex/cdpbundl/cdp-ver-0-36.pdf	1107
censor	/usr/local/texlive/2025/texmf-dist/doc/latex/censor/censor.tex	/usr/local/texlive/2025/texmf-dist/doc/latex/censor/censor.pdf	862
cfr-initials	/usr/local/texlive/2025/texmf-dist/doc/latex/cfr-initials/cfr-initials.tex	/usr/local/texlive/2025/texmf-dist/doc/latex/cfr-initials/cfr-initials.pdf	155
checklistings	/usr/local/texlive/2025/texmf-dist/doc/latex/checklistings/example.tex	/usr/local/texlive/2025/texmf-dist/doc/latex/checklistings/example.pdf	56
chemformula-ru	/usr/local/texlive/2025/texmf-dist/doc/latex/chemformula-ru/chemformula-ru.tex	/usr/local/texlive/2025/texmf-dist/doc/latex/chemformula-ru/chemformula-ru.pdf	83
chemplants	/usr/local/texlive/2025/texmf-dist/doc/latex/chemplants/chemplants-doc.tex	/usr/local/texlive/2025/texmf-dist/doc/latex/chemplants/chemplants-doc.pdf	6660
chessboard	/usr/local/texlive/2025/texmf-dist/doc/latex/chessboard/chessboard-skakps.tex	/usr/local/texlive/2025/texmf-dist/doc/latex/chessboard/chessboard-skakps.pdf	19
chet	/usr/local/texlive/2025/texmf-dist/doc/latex/chet/chetdoc.tex	/usr/local/texlive/2025/texmf-dist/doc/latex/chet/chetdoc.pdf	221
chordbars	/usr/local/texlive/2025/texmf-dist/doc/latex/chordbars/size_demo.tex	/usr/local/texlive/2025/texmf-dist/doc/latex/chordbars/size_demo.pdf	152
circledsteps	/usr/local/texlive/2025/texmf-dist/doc/latex/circledsteps/circledsteps-manual.tex	/usr/local/texlive/2025/texmf-dist/doc/latex/circledsteps/circledsteps-manual.pdf	222
circledtext	/usr/local/texlive/2025/texmf-dist/doc/latex/circledtext/circledtext.tex	/usr/local/texlive/2025/texmf-dist/doc/latex/circledtext/circledtext.pdf	804
circularglyphs	/usr/local/texlive/2025/texmf-dist/doc/latex/circularglyphs/circularglyphs-doc.tex	/usr/local/texlive/2025/texmf-dist/doc/latex/circularglyphs/circularglyphs-doc.pdf	361
cistercian	/usr/local/texlive/2025/texmf-dist/doc/latex/cistercian/cistercian-doc.tex	/usr/local/texlive/2025/texmf-dist/doc/latex/cistercian/cistercian-doc.pdf	153
citeright	/usr/local/texlive/2025/texmf-dist/doc/latex/citeright/citeright.tex	/usr/local/texlive/2025/texmf-dist/doc/latex/citeright/citeright.pdf	257
cjk-ko	/usr/local/texlive/2025/texmf-dist/doc/latex/cjk-ko/cjk-ko-doc.tex	/usr/local/texlive/2025/texmf-dist/doc/latex/cjk-ko/cjk-ko-doc.pdf	195
classics	/usr/local/texlive/2025/texmf-dist/doc/latex/classics/classics.tex	/usr/local/texlive/2025/texmf-dist/doc/latex/classics/classics.pdf	296
cleanthesis	/usr/local/texlive/2025/texmf-dist/doc/latex/cleanthesis/my-thesis.tex	/usr/local/texlive/2025/texmf-dist/doc/latex/cleanthesis/my-thesis.pdf	124
clefval	/usr/local/texlive/2025/texmf-dist/doc/latex/clefval/example-utf8.tex	/usr/local/texlive/2025/texmf-dist/doc/latex/clefval/example-utf8.pdf	101
clock	/usr/local/texlive/2025/texmf-dist/doc/latex/clock/clockdoc.tex	/usr/local/texlive/2025/texmf-dist/doc/latex/clock/clockdoc.pdf	160
cmpj	/usr/local/texlive/2025/texmf-dist/doc/latex/cmpj/template.tex	/usr/local/texlive/2025/texmf-dist/doc/latex/cmpj/template.pdf	925
cnbwp	/usr/local/texlive/2025/texmf-dist/doc/latex/cnbwp/cnbpaper.tex	/usr/local/texlive/2025/texmf-dist/doc/latex/cnbwp/cnbpaper.pdf	103
cnbwp	/usr/local/texlive/2025/texmf-dist/doc/latex/cnbwp/cnbwp-manual-en.tex	/usr/local/texlive/2025/texmf-dist/doc/latex/cnbwp/cnbwp-manual-en.pdf	1773
cntperchap	/usr/local/texlive/2025/texmf-dist/doc/latex/cntperchap/cntperchap_example.tex	/usr/local/texlive/2025/texmf-dist/doc/latex/cntperchap/cntperchap_example.pdf	150
codeanatomy	/usr/local/texlive/2025/texmf-dist/doc/latex/codeanatomy/codeanatomy.usage.tex	/usr/local/texlive/2025/texmf-dist/doc/latex/codeanatomy/codeanatomy.usage.pdf	476
codebox	/usr/local/texlive/2025/texmf-dist/doc/latex/codebox/codebox-doc-en.tex	/usr/local/texlive/2025/texmf-dist/doc/latex/codebox/codebox-doc-en.pdf	407
codedoc	/usr/local/texlive/2025/texmf-dist/doc/latex/codedoc/CodeDoc-manual.tex	/usr/local/texlive/2025/texmf-dist/doc/latex/codedoc/CodeDoc-manual.pdf	4909
colorblind	/usr/local/texlive/2025/texmf-dist/doc/latex/colorblind/colorblind_doc.tex	/usr/local/texlive/2025/texmf-dist/doc/latex/colorblind/colorblind_doc.pdf	422
coloredbelts	/usr/local/texlive/2025/texmf-dist/doc/latex/coloredbelts/coloredbelts-doc-fr.tex	/usr/local/texlive/2025/texmf-dist/doc/latex/coloredbelts/coloredbelts-doc-fr.pdf	283
coloredtheorem	/usr/local/texlive/2025/texmf-dist/doc/latex/coloredtheorem/coloredtheorem-doc.tex	/usr/local/texlive/2025/texmf-dist/doc/latex/coloredtheorem/coloredtheorem-doc.pdf	295
colorspace	/usr/local/texlive/2025/texmf-dist/doc/latex/colorspace/colorspace.tex	/usr/local/texlive/2025/texmf-dist/doc/latex/colorspace/colorspace.pdf	563
comicneue	/usr/local/texlive/2025/texmf-dist/doc/latex/comicneue/comicneue.tex	/usr/local/texlive/2025/texmf-dist/doc/latex/comicneue/comicneue.pdf	105
commalists-tools	/usr/local/texlive/2025/texmf-dist/doc/latex/commalists-tools/commalists-tools-doc.tex	/usr/local/texlive/2025/texmf-dist/doc/latex/commalists-tools/commalists-tools-doc.pdf	494
commalists-tools	/usr/local/texlive/2025/texmf-dist/doc/latex/commalists-tools/commalists-tools-l3-doc.tex	/usr/local/texlive/2025/texmf-dist/doc/latex/commalists-tools/commalists-tools-l3-doc.pdf	462
commath	/usr/local/texlive/2025/texmf-dist/doc/latex/commath/commath.tex	/usr/local/texlive/2025/texmf-dist/doc/latex/commath/commath.pdf	511
comment	/usr/local/texlive/2025/texmf-dist/doc/latex/comment/comment.tex	/usr/local/texlive/2025/texmf-dist/doc/latex/comment/comment.pdf	311
complexity	/usr/local/texlive/2025/texmf-dist/doc/latex/complexity/complexity.tex	/usr/local/texlive/2025/texmf-dist/doc/latex/complexity/complexity.pdf	493
continue	/usr/local/texlive/2025/texmf-dist/doc/latex/continue/trycontinue.tex	/usr/local/texlive/2025/texmf-dist/doc/latex/continue/trycontinue.pdf	92
contract	/usr/local/texlive/2025/texmf-dist/doc/latex/contract/contract-example-en.tex	/usr/local/texlive/2025/texmf-dist/doc/latex/contract/contract-example-en.pdf	143
coolfn	/usr/local/texlive/2025/texmf-dist/doc/latex/coolfn/coolfndocumentation.tex	/usr/local/texlive/2025/texmf-dist/doc/latex/coolfn/coolfndocumentation.pdf	205
correctmathalign	/usr/local/texlive/2025/texmf-dist/doc/latex/correctmathalign/correctmathalign.tex	/usr/local/texlive/2025/texmf-dist/doc/latex/correctmathalign/correctmathalign.pdf	124
coseoul	/usr/local/texlive/2025/texmf-dist/doc/latex/coseoul/coseoul.tex	/usr/local/texlive/2025/texmf-dist/doc/latex/coseoul/coseoul.pdf	336
coseoul	/usr/local/texlive/2025/texmf-dist/doc/latex/coseoul/cosexamp.tex	/usr/local/texlive/2025/texmf-dist/doc/latex/coseoul/cosexamp.pdf	15
couleurs-fr	/usr/local/texlive/2025/texmf-dist/doc/latex/couleurs-fr/couleurs-fr-doc-prefix.tex	/usr/local/texlive/2025/texmf-dist/doc/latex/couleurs-fr/couleurs-fr-doc-prefix.pdf	456
coverpage	/usr/local/texlive/2025/texmf-dist/doc/latex/coverpage/SimpleSample.tex	/usr/local/texlive/2025/texmf-dist/doc/latex/coverpage/SimpleSample.pdf	48
covington	/usr/local/texlive/2025/texmf-dist/doc/latex/covington/covington.tex	/usr/local/texlive/2025/texmf-dist/doc/latex/covington/covington.pdf	1946
crbox	/usr/local/texlive/2025/texmf-dist/doc/latex/crbox/crbox-doc.tex	/usr/local/texlive/2025/texmf-dist/doc/latex/crbox/crbox-doc.pdf	50
creationboites	/usr/local/texlive/2025/texmf-dist/doc/latex/creationboites/CreationBoites-doc.tex	/usr/local/texlive/2025/texmf-dist/doc/latex/creationboites/CreationBoites-doc.pdf	655
crossreftools	/usr/local/texlive/2025/texmf-dist/doc/latex/crossreftools/crossreftools_driver.tex	/usr/local/texlive/2025/texmf-dist/doc/latex/crossreftools/crossreftools_driver.pdf	160
csbulletin	/usr/local/texlive/2025/texmf-dist/doc/latex/csbulletin/csbulletin.tex	/usr/local/texlive/2025/texmf-dist/doc/latex/csbulletin/csbulletin.pdf	149
csquotes	/usr/local/texlive/2025/texmf-dist/doc/latex/csquotes/csquotes.tex	/usr/local/texlive/2025/texmf-dist/doc/latex/csquotes/csquotes.pdf	2054
csthm	/usr/local/texlive/2025/texmf-dist/doc/latex/csthm/csthm-example.tex	/usr/local/texlive/2025/texmf-dist/doc/latex/csthm/csthm-example.pdf	332
csvsimple	/usr/local/texlive/2025/texmf-dist/doc/latex/csvsimple/csvsimple-example.tex	/usr/local/texlive/2025/texmf-dist/doc/latex/csvsimple/csvsimple-example.pdf	110
ctib	/usr/local/texlive/2025/texmf-dist/doc/latex/ctib/ctib4tex.tex	/usr/local/texlive/2025/texmf-dist/doc/latex/ctib/ctib4tex.pdf	525
curriculum-vitae	/usr/local/texlive/2025/texmf-dist/doc/latex/curriculum-vitae/curriculum-vitae-example.tex	/usr/local/texlive/2025/texmf-dist/doc/latex/curriculum-vitae/curriculum-vitae-example.pdf	41
curve2e	/usr/local/texlive/2025/texmf-dist/doc/latex/curve2e/curve2e-manual.tex	/usr/local/texlive/2025/texmf-dist/doc/latex/curve2e/curve2e-manual.pdf	1883
cv	/usr/local/texlive/2025/texmf-dist/doc/latex/cv/ApplicationLetter.tex	/usr/local/texlive/2025/texmf-dist/doc/latex/cv/ApplicationLetter.pdf	72
cv	/usr/local/texlive/2025/texmf-dist/doc/latex/cv/CVCTAN.tex	/usr/local/texlive/2025/texmf-dist/doc/latex/cv/CVCTAN.pdf	155
dataref	/usr/local/texlive/2025/texmf-dist/doc/latex/dataref/dataref-doc.tex	/usr/local/texlive/2025/texmf-dist/doc/latex/dataref/dataref-doc.pdf	737
datenumber	/usr/local/texlive/2025/texmf-dist/doc/latex/datenumber/datenumber-german.tex	/usr/local/texlive/2025/texmf-dist/doc/latex/datenumber/datenumber-german.pdf	218
datetime2-en-fulltext	/usr/local/texlive/2025/texmf-dist/doc/latex/datetime2-en-fulltext/sample-en-fulltext.tex	/usr/local/texlive/2025/texmf-dist/doc/latex/datetime2-en-fulltext/sample-en-fulltext.pdf	164
datetime2-english	/usr/local/texlive/2025/texmf-dist/doc/latex/datetime2-english/datetime2-english-sample.tex	/usr/local/texlive/2025/texmf-dist/doc/latex/datetime2-english/datetime2-english-sample.pdf	89
datetime2-romanian	/usr/local/texlive/2025/texmf-dist/doc/latex/datetime2-romanian/datetime2-romanian-test-pdftex.tex	/usr/local/texlive/2025/texmf-dist/doc/latex/datetime2-romanian/datetime2-romanian-test-pdftex.pdf	8
ddphonism	/usr/local/texlive/2025/texmf-dist/doc/latex/ddphonism/ddphonism.tex	/usr/local/texlive/2025/texmf-dist/doc/latex/ddphonism/ddphonism.pdf	230
diadia	/usr/local/texlive/2025/texmf-dist/doc/latex/diadia/diadia-example.tex	/usr/local/texlive/2025/texmf-dist/doc/latex/diadia/diadia-example.pdf	221
dichokey	/usr/local/texlive/2025/texmf-dist/doc/latex/dichokey/rhodocyb.tex	/usr/local/texlive/2025/texmf-dist/doc/latex/dichokey/rhodocyb.pdf	63
diffcoeff	/usr/local/texlive/2025/texmf-dist/doc/latex/diffcoeff/diffcoeff4.tex	/usr/local/texlive/2025/texmf-dist/doc/latex/diffcoeff/diffcoeff4.pdf	2272
dijkstra	/usr/local/texlive/2025/texmf-dist/doc/latex/dijkstra/dijkstra-fr.tex	/usr/local/texlive/2025/texmf-dist/doc/latex/dijkstra/dijkstra-fr.pdf	430
directory	/usr/local/texlive/2025/texmf-dist/doc/latex/directory/directory.tex	/usr/local/texlive/2025/texmf-dist/doc/latex/directory/directory.pdf	773
dlfltxb	/usr/local/texlive/2025/texmf-dist/doc/latex/dlfltxb/dlfltxbtocconfig.tex	/usr/local/texlive/2025/texmf-dist/doc/latex/dlfltxb/dlfltxbtocconfig.pdf	165
docsurvey	/usr/local/texlive/2025/texmf-dist/doc/latex/docsurvey/docsurvey.tex	/usr/local/texlive/2025/texmf-dist/doc/latex/docsurvey/docsurvey.pdf	3376
dotarrow	/usr/local/texlive/2025/texmf-dist/doc/latex/dotarrow/DotArrow.tex	/usr/local/texlive/2025/texmf-dist/doc/latex/dotarrow/DotArrow.pdf	114
dpcircling	/usr/local/texlive/2025/texmf-dist/doc/latex/dpcircling/DPcircling.tex	/usr/local/texlive/2025/texmf-dist/doc/latex/dpcircling/DPcircling.pdf	76
drawstack	/usr/local/texlive/2025/texmf-dist/doc/latex/drawstack/stack-example.tex	/usr/local/texlive/2025/texmf-dist/doc/latex/drawstack/stack-example.pdf	246
drs	/usr/local/texlive/2025/texmf-dist/doc/latex/drs/drsdoc.tex	/usr/local/texlive/2025/texmf-dist/doc/latex/drs/drsdoc.pdf	236
dsptricks	/usr/local/texlive/2025/texmf-dist/doc/latex/dsptricks/dspTricksManual.tex	/usr/local/texlive/2025/texmf-dist/doc/latex/dsptricks/dspTricksManual.pdf	983
duerer-latex	/usr/local/texlive/2025/texmf-dist/doc/latex/duerer-latex/duerer.tex	/usr/local/texlive/2025/texmf-dist/doc/latex/duerer-latex/duerer.pdf	89
dvdcoll	/usr/local/texlive/2025/texmf-dist/doc/latex/dvdcoll/dcexample.tex	/usr/local/texlive/2025/texmf-dist/doc/latex/dvdcoll/dcexample.pdf	200
easy-todo	/usr/local/texlive/2025/texmf-dist/doc/latex/easy-todo/easy-todo.tex	/usr/local/texlive/2025/texmf-dist/doc/latex/easy-todo/easy-todo.pdf	57
easyformat	/usr/local/texlive/2025/texmf-dist/doc/latex/easyformat/easyformat.tex	/usr/local/texlive/2025/texmf-dist/doc/latex/easyformat/easyformat.pdf	290
ecltree	/usr/local/texlive/2025/texmf-dist/doc/latex/ecltree/ecltreesample.tex	/usr/local/texlive/2025/texmf-dist/doc/latex/ecltree/ecltreesample.pdf	248
econometrics	/usr/local/texlive/2025/texmf-dist/doc/latex/econometrics/econometrics.tex	/usr/local/texlive/2025/texmf-dist/doc/latex/econometrics/econometrics.pdf	170
edichokey	/usr/local/texlive/2025/texmf-dist/doc/latex/edichokey/edichokey-ex.tex	/usr/local/texlive/2025/texmf-dist/doc/latex/edichokey/edichokey-ex.pdf	377
edmaths	/usr/local/texlive/2025/texmf-dist/doc/latex/edmaths/edmaths-example-report.tex	/usr/local/texlive/2025/texmf-dist/doc/latex/edmaths/edmaths-example-report.pdf	79
ehhline	/usr/local/texlive/2025/texmf-dist/doc/latex/ehhline/ehhline.tex	/usr/local/texlive/2025/texmf-dist/doc/latex/ehhline/ehhline.pdf	60
eigo	/usr/local/texlive/2025/texmf-dist/doc/latex/eigo/eigo.tex	/usr/local/texlive/2025/texmf-dist/doc/latex/eigo/eigo.pdf	717
ejpecp	/usr/local/texlive/2025/texmf-dist/doc/latex/ejpecp/sample.tex	/usr/local/texlive/2025/texmf-dist/doc/latex/ejpecp/sample.pdf	541
eledform	/usr/local/texlive/2025/texmf-dist/doc/latex/eledform/example.tex	/usr/local/texlive/2025/texmf-dist/doc/latex/eledform/example.pdf	32
elpres	/usr/local/texlive/2025/texmf-dist/doc/latex/elpres/elpres-example.tex	/usr/local/texlive/2025/texmf-dist/doc/latex/elpres/elpres-example.pdf	173
elpres	/usr/local/texlive/2025/texmf-dist/doc/latex/elpres/elpres-manual.tex	/usr/local/texlive/2025/texmf-dist/doc/latex/elpres/elpres-manual.pdf	1641
els-cas-templates	/usr/local/texlive/2025/texmf-dist/doc/latex/els-cas-templates/cas-dc-sample.tex	/usr/local/texlive/2025/texmf-dist/doc/latex/els-cas-templates/cas-dc-sample.pdf	463
els-cas-templates	/usr/local/texlive/2025/texmf-dist/doc/latex/els-cas-templates/cas-sc-sample.tex	/usr/local/texlive/2025/texmf-dist/doc/latex/els-cas-templates/cas-sc-sample.pdf	457
elsarticle	/usr/local/texlive/2025/texmf-dist/doc/latex/elsarticle/elsdoc.tex	/usr/local/texlive/2025/texmf-dist/doc/latex/elsarticle/elsdoc.pdf	861
elzcards	/usr/local/texlive/2025/texmf-dist/doc/latex/elzcards/elzcards-examples.tex	/usr/local/texlive/2025/texmf-dist/doc/latex/elzcards/elzcards-examples.pdf	129
emf	/usr/local/texlive/2025/texmf-dist/doc/latex/emf/emf.tex	/usr/local/texlive/2025/texmf-dist/doc/latex/emf/emf.pdf	148
emotion	/usr/local/texlive/2025/texmf-dist/doc/latex/emotion/emotion-doc.tex	/usr/local/texlive/2025/texmf-dist/doc/latex/emotion/emotion-doc.pdf	105
engpron	/usr/local/texlive/2025/texmf-dist/doc/latex/engpron/engpron-ex-en.tex	/usr/local/texlive/2025/texmf-dist/doc/latex/engpron/engpron-ex-en.pdf	211
engtlc	/usr/local/texlive/2025/texmf-dist/doc/latex/engtlc/itengtlc.tex	/usr/local/texlive/2025/texmf-dist/doc/latex/engtlc/itengtlc.pdf	1108
enumitem	/usr/local/texlive/2025/texmf-dist/doc/latex/enumitem/enumitem.tex	/usr/local/texlive/2025/texmf-dist/doc/latex/enumitem/enumitem.pdf	1964
enumsub	/usr/local/texlive/2025/texmf-dist/doc/latex/enumsub/enumsub-example.tex	/usr/local/texlive/2025/texmf-dist/doc/latex/enumsub/enumsub-example.pdf	205
envelope-letter	/usr/local/texlive/2025/texmf-dist/doc/latex/envelope-letter/envelope-letter-documentation.tex	/usr/local/texlive/2025/texmf-dist/doc/latex/envelope-letter/envelope-letter-documentation.pdf	140
epigraph-keys	/usr/local/texlive/2025/texmf-dist/doc/latex/epigraph-keys/epigraph-keys.tex	/usr/local/texlive/2025/texmf-dist/doc/latex/epigraph-keys/epigraph-keys.pdf	134
eqell	/usr/local/texlive/2025/texmf-dist/doc/latex/eqell/eqell.tex	/usr/local/texlive/2025/texmf-dist/doc/latex/eqell/eqell.pdf	79
eqexpl	/usr/local/texlive/2025/texmf-dist/doc/latex/eqexpl/eqexpl.tex	/usr/local/texlive/2025/texmf-dist/doc/latex/eqexpl/eqexpl.pdf	296
eqnnumwarn	/usr/local/texlive/2025/texmf-dist/doc/latex/eqnnumwarn/eqnnumwarn.tex	/usr/local/texlive/2025/texmf-dist/doc/latex/eqnnumwarn/eqnnumwarn.pdf	116
estcpmm	/usr/local/texlive/2025/texmf-dist/doc/latex/estcpmm/sample.tex	/usr/local/texlive/2025/texmf-dist/doc/latex/estcpmm/sample.pdf	77
euromoney	/usr/local/texlive/2025/texmf-dist/doc/latex/euromoney/euromoney-doc.tex	/usr/local/texlive/2025/texmf-dist/doc/latex/euromoney/euromoney-doc.pdf	460
europasscv	/usr/local/texlive/2025/texmf-dist/doc/latex/europasscv/europasscv.tex	/usr/local/texlive/2025/texmf-dist/doc/latex/europasscv/europasscv.pdf	385
europecv	/usr/local/texlive/2025/texmf-dist/doc/latex/europecv/europecv.tex	/usr/local/texlive/2025/texmf-dist/doc/latex/europecv/europecv.pdf	1039
exam-n	/usr/local/texlive/2025/texmf-dist/doc/latex/exam-n/notes-for-authors.tex	/usr/local/texlive/2025/texmf-dist/doc/latex/exam-n/notes-for-authors.pdf	293
exam-n	/usr/local/texlive/2025/texmf-dist/doc/latex/exam-n/template-question.tex	/usr/local/texlive/2025/texmf-dist/doc/latex/exam-n/template-question.pdf	22
exam-randomizechoices	/usr/local/texlive/2025/texmf-dist/doc/latex/exam-randomizechoices/exam-randomizechoices.tex	/usr/local/texlive/2025/texmf-dist/doc/latex/exam-randomizechoices/exam-randomizechoices.pdf	1119
examdesign	/usr/local/texlive/2025/texmf-dist/doc/latex/examdesign/examplec.tex	/usr/local/texlive/2025/texmf-dist/doc/latex/examdesign/examplec.pdf	112
exercisepoints	/usr/local/texlive/2025/texmf-dist/doc/latex/exercisepoints/exercisepoints.tex	/usr/local/texlive/2025/texmf-dist/doc/latex/exercisepoints/exercisepoints.pdf	455
expkv-bundle	/usr/local/texlive/2025/texmf-dist/doc/latex/expkv-bundle/expkv-bundle.tex	/usr/local/texlive/2025/texmf-dist/doc/latex/expkv-bundle/expkv-bundle.pdf	357
exsheets	/usr/local/texlive/2025/texmf-dist/doc/latex/exsheets/grading-table.tex	/usr/local/texlive/2025/texmf-dist/doc/latex/exsheets/grading-table.pdf	48
exsol	/usr/local/texlive/2025/texmf-dist/doc/latex/exsol/example-local.tex	/usr/local/texlive/2025/texmf-dist/doc/latex/exsol/example-local.pdf	110
ezedits	/usr/local/texlive/2025/texmf-dist/doc/latex/ezedits/ezedits_docs.tex	/usr/local/texlive/2025/texmf-dist/doc/latex/ezedits/ezedits_docs.pdf	178
fadingimage	/usr/local/texlive/2025/texmf-dist/doc/latex/fadingimage/fadingimage.tex	/usr/local/texlive/2025/texmf-dist/doc/latex/fadingimage/fadingimage.pdf	57
fancyhdr-it	/usr/local/texlive/2025/texmf-dist/doc/latex/fancyhdr-it/itfancyhdr.tex	/usr/local/texlive/2025/texmf-dist/doc/latex/fancyhdr-it/itfancyhdr.pdf	1902
fancyqr	/usr/local/texlive/2025/texmf-dist/doc/latex/fancyqr/fancyqr-doc.tex	/usr/local/texlive/2025/texmf-dist/doc/latex/fancyqr/fancyqr-doc.pdf	96
fenetrecas	/usr/local/texlive/2025/texmf-dist/doc/latex/fenetrecas/FenetreCas-doc.tex	/usr/local/texlive/2025/texmf-dist/doc/latex/fenetrecas/FenetreCas-doc.pdf	565
ffslides	/usr/local/texlive/2025/texmf-dist/doc/latex/ffslides/ffslides-doc.tex	/usr/local/texlive/2025/texmf-dist/doc/latex/ffslides/ffslides-doc.pdf	908
figbib	/usr/local/texlive/2025/texmf-dist/doc/latex/figbib/figbib_sample.tex	/usr/local/texlive/2025/texmf-dist/doc/latex/figbib/figbib_sample.pdf	35
figchild	/usr/local/texlive/2025/texmf-dist/doc/latex/figchild/figchild.tex	/usr/local/texlive/2025/texmf-dist/doc/latex/figchild/figchild.pdf	372
figsize	/usr/local/texlive/2025/texmf-dist/doc/latex/figsize/figsize.tex	/usr/local/texlive/2025/texmf-dist/doc/latex/figsize/figsize.pdf	394
fillwith	/usr/local/texlive/2025/texmf-dist/doc/latex/fillwith/fillwith-example.tex	/usr/local/texlive/2025/texmf-dist/doc/latex/fillwith/fillwith-example.pdf	71
fitbox	/usr/local/texlive/2025/texmf-dist/doc/latex/fitbox/sample-subfigure.tex	/usr/local/texlive/2025/texmf-dist/doc/latex/fitbox/sample-subfigure.pdf	73
fitch	/usr/local/texlive/2025/texmf-dist/doc/latex/fitch/fitchdoc.tex	/usr/local/texlive/2025/texmf-dist/doc/latex/fitch/fitchdoc.pdf	615
flacards	/usr/local/texlive/2025/texmf-dist/doc/latex/flacards/flacards_ex.tex	/usr/local/texlive/2025/texmf-dist/doc/latex/flacards/flacards_ex.pdf	52
flipbook	/usr/local/texlive/2025/texmf-dist/doc/latex/flipbook/flipbook-ex.tex	/usr/local/texlive/2025/texmf-dist/doc/latex/flipbook/flipbook-ex.pdf	139
fncylab	/usr/local/texlive/2025/texmf-dist/doc/latex/fncylab/fncylab.tex	/usr/local/texlive/2025/texmf-dist/doc/latex/fncylab/fncylab.pdf	84
fnspe	/usr/local/texlive/2025/texmf-dist/doc/latex/fnspe/fnspe.tex	/usr/local/texlive/2025/texmf-dist/doc/latex/fnspe/fnspe.pdf	590
fodot	/usr/local/texlive/2025/texmf-dist/doc/latex/fodot/fodot-doc.tex	/usr/local/texlive/2025/texmf-dist/doc/latex/fodot/fodot-doc.pdf	329
foliono	/usr/local/texlive/2025/texmf-dist/doc/latex/foliono/foliono.tex	/usr/local/texlive/2025/texmf-dist/doc/latex/foliono/foliono.pdf	923
fontsetup	/usr/local/texlive/2025/texmf-dist/doc/latex/fontsetup/fspsample-withsans.tex	/usr/local/texlive/2025/texmf-dist/doc/latex/fontsetup/fspsample-withsans.pdf	120
forest-quickstart	/usr/local/texlive/2025/texmf-dist/doc/latex/forest-quickstart/forest-quickstart.tex	/usr/local/texlive/2025/texmf-dist/doc/latex/forest-quickstart/forest-quickstart.pdf	559
fragoli	/usr/local/texlive/2025/texmf-dist/doc/latex/fragoli/fragoli_doc.tex	/usr/local/texlive/2025/texmf-dist/doc/latex/fragoli/fragoli_doc.pdf	4305
frege	/usr/local/texlive/2025/texmf-dist/doc/latex/frege/frege.tex	/usr/local/texlive/2025/texmf-dist/doc/latex/frege/frege.pdf	418
frontespizio	/usr/local/texlive/2025/texmf-dist/doc/latex/frontespizio/examplee.tex	/usr/local/texlive/2025/texmf-dist/doc/latex/frontespizio/examplee.pdf	45
frpseudocode	/usr/local/texlive/2025/texmf-dist/doc/latex/frpseudocode/frpseudocode-example.tex	/usr/local/texlive/2025/texmf-dist/doc/latex/frpseudocode/frpseudocode-example.pdf	47
ftc-notebook	/usr/local/texlive/2025/texmf-dist/doc/latex/ftc-notebook/example-notebook.tex	/usr/local/texlive/2025/texmf-dist/doc/latex/ftc-notebook/example-notebook.pdf	21
fullminipage	/usr/local/texlive/2025/texmf-dist/doc/latex/fullminipage/fullminipage_test.tex	/usr/local/texlive/2025/texmf-dist/doc/latex/fullminipage/fullminipage_test.pdf	48
fullwidth	/usr/local/texlive/2025/texmf-dist/doc/latex/fullwidth/fullwidth-test.tex	/usr/local/texlive/2025/texmf-dist/doc/latex/fullwidth/fullwidth-test.pdf	13
g-brief	/usr/local/texlive/2025/texmf-dist/doc/latex/g-brief/beispiel2.tex	/usr/local/texlive/2025/texmf-dist/doc/latex/g-brief/beispiel2.pdf	123
gaceta	/usr/local/texlive/2025/texmf-dist/doc/latex/gaceta/plantilla-articulo-suelto.tex	/usr/local/texlive/2025/texmf-dist/doc/latex/gaceta/plantilla-articulo-suelto.pdf	197
gamebook	/usr/local/texlive/2025/texmf-dist/doc/latex/gamebook/gamebook-example.tex	/usr/local/texlive/2025/texmf-dist/doc/latex/gamebook/gamebook-example.pdf	96
gauss	/usr/local/texlive/2025/texmf-dist/doc/latex/gauss/gauss-ex.tex	/usr/local/texlive/2025/texmf-dist/doc/latex/gauss/gauss-ex.pdf	65
gchords	/usr/local/texlive/2025/texmf-dist/doc/latex/gchords/gchords_doc.tex	/usr/local/texlive/2025/texmf-dist/doc/latex/gchords/gchords_doc.pdf	175
gckanbun	/usr/local/texlive/2025/texmf-dist/doc/latex/gckanbun/kanshi-sample.tex	/usr/local/texlive/2025/texmf-dist/doc/latex/gckanbun/kanshi-sample.pdf	36
gentombow	/usr/local/texlive/2025/texmf-dist/doc/latex/gentombow/gentombow.tex	/usr/local/texlive/2025/texmf-dist/doc/latex/gentombow/gentombow.pdf	308
geradwp	/usr/local/texlive/2025/texmf-dist/doc/latex/geradwp/geradwp.tex	/usr/local/texlive/2025/texmf-dist/doc/latex/geradwp/geradwp.pdf	225
germkorr	/usr/local/texlive/2025/texmf-dist/doc/latex/germkorr/germkorr.tex	/usr/local/texlive/2025/texmf-dist/doc/latex/germkorr/germkorr.pdf	84
ghab	/usr/local/texlive/2025/texmf-dist/doc/latex/ghab/ghab-doc.tex	/usr/local/texlive/2025/texmf-dist/doc/latex/ghab/ghab-doc.pdf	23
gillcm	/usr/local/texlive/2025/texmf-dist/doc/latex/gillcm/sample.tex	/usr/local/texlive/2025/texmf-dist/doc/latex/gillcm/sample.pdf	27
globalvals	/usr/local/texlive/2025/texmf-dist/doc/latex/globalvals/globalvals.tex	/usr/local/texlive/2025/texmf-dist/doc/latex/globalvals/globalvals.pdf	83
glosmathtools	/usr/local/texlive/2025/texmf-dist/doc/latex/glosmathtools/sample_glosmathtools_fr.tex	/usr/local/texlive/2025/texmf-dist/doc/latex/glosmathtools/sample_glosmathtools_fr.pdf	112
glossaries	/usr/local/texlive/2025/texmf-dist/doc/latex/glossaries/glossary2glossaries.tex	/usr/local/texlive/2025/texmf-dist/doc/latex/glossaries/glossary2glossaries.pdf	1028
gratzer-color-scheme	/usr/local/texlive/2025/texmf-dist/doc/latex/gratzer-color-scheme/example.tex	/usr/local/texlive/2025/texmf-dist/doc/latex/gratzer-color-scheme/example.pdf	51
greek-inputenc	/usr/local/texlive/2025/texmf-dist/doc/latex/greek-inputenc/inputenc-iso-8859-7.tex	/usr/local/texlive/2025/texmf-dist/doc/latex/greek-inputenc/inputenc-iso-8859-7.pdf	84
grid	/usr/local/texlive/2025/texmf-dist/doc/latex/grid/grid.tex	/usr/local/texlive/2025/texmf-dist/doc/latex/grid/grid.pdf	380
gridslides	/usr/local/texlive/2025/texmf-dist/doc/latex/gridslides/example.tex	/usr/local/texlive/2025/texmf-dist/doc/latex/gridslides/example.pdf	111
gtrcrd	/usr/local/texlive/2025/texmf-dist/doc/latex/gtrcrd/gtrcrd-doc.tex	/usr/local/texlive/2025/texmf-dist/doc/latex/gtrcrd/gtrcrd-doc.pdf	140
gu	/usr/local/texlive/2025/texmf-dist/doc/latex/gu/gudoc.tex	/usr/local/texlive/2025/texmf-dist/doc/latex/gu/gudoc.pdf	1204
guitartabs	/usr/local/texlive/2025/texmf-dist/doc/latex/guitartabs/guitartabs-doc.tex	/usr/local/texlive/2025/texmf-dist/doc/latex/guitartabs/guitartabs-doc.pdf	384
hagenberg-thesis	/usr/local/texlive/2025/texmf-dist/doc/latex/hagenberg-thesis/hagenberg-thesis.tex	/usr/local/texlive/2025/texmf-dist/doc/latex/hagenberg-thesis/hagenberg-thesis.pdf	675
halloweenmath	/usr/local/texlive/2025/texmf-dist/doc/latex/halloweenmath/halloweenmath-man.tex	/usr/local/texlive/2025/texmf-dist/doc/latex/halloweenmath/halloweenmath-man.pdf	1068
harmony	/usr/local/texlive/2025/texmf-dist/doc/latex/harmony/harmony.tex	/usr/local/texlive/2025/texmf-dist/doc/latex/harmony/harmony.pdf	254
harnon-cv	/usr/local/texlive/2025/texmf-dist/doc/latex/harnon-cv/sample.tex	/usr/local/texlive/2025/texmf-dist/doc/latex/harnon-cv/sample.pdf	47
harpoon	/usr/local/texlive/2025/texmf-dist/doc/latex/harpoon/harpoon.tex	/usr/local/texlive/2025/texmf-dist/doc/latex/harpoon/harpoon.pdf	40
harvard	/usr/local/texlive/2025/texmf-dist/doc/latex/harvard/harvard.tex	/usr/local/texlive/2025/texmf-dist/doc/latex/harvard/harvard.pdf	338
he-she	/usr/local/texlive/2025/texmf-dist/doc/latex/he-she/he-she.tex	/usr/local/texlive/2025/texmf-dist/doc/latex/he-she/he-she.pdf	242
hep-title	/usr/local/texlive/2025/texmf-dist/doc/latex/hep-title/hep-title-documentation.tex	/usr/local/texlive/2025/texmf-dist/doc/latex/hep-title/hep-title-documentation.pdf	133
hepnames	/usr/local/texlive/2025/texmf-dist/doc/latex/hepnames/hepnicenames-rm.tex	/usr/local/texlive/2025/texmf-dist/doc/latex/hepnames/hepnicenames-rm.pdf	2192
hereapplies	/usr/local/texlive/2025/texmf-dist/doc/latex/hereapplies/hereapplies-example.tex	/usr/local/texlive/2025/texmf-dist/doc/latex/hereapplies/hereapplies-example.pdf	36
heria	/usr/local/texlive/2025/texmf-dist/doc/latex/heria/heria-proposal.tex	/usr/local/texlive/2025/texmf-dist/doc/latex/heria/heria-proposal.pdf	356
hexgame	/usr/local/texlive/2025/texmf-dist/doc/latex/hexgame/hexgame.tex	/usr/local/texlive/2025/texmf-dist/doc/latex/hexgame/hexgame.pdf	98
hideproofs	/usr/local/texlive/2025/texmf-dist/doc/latex/hideproofs/hideproofs-doc.tex	/usr/local/texlive/2025/texmf-dist/doc/latex/hideproofs/hideproofs-doc.pdf	290
highlightx	/usr/local/texlive/2025/texmf-dist/doc/latex/highlightx/highlightx-doc.tex	/usr/local/texlive/2025/texmf-dist/doc/latex/highlightx/highlightx-doc.pdf	639
hindawi-latex-template	/usr/local/texlive/2025/texmf-dist/doc/latex/hindawi-latex-template/hindawi_latex_template.tex	/usr/local/texlive/2025/texmf-dist/doc/latex/hindawi-latex-template/hindawi_latex_template.pdf	216
hitec	/usr/local/texlive/2025/texmf-dist/doc/latex/hitec/hitec_doc.tex	/usr/local/texlive/2025/texmf-dist/doc/latex/hitec/hitec_doc.pdf	66
hitszbeamer	/usr/local/texlive/2025/texmf-dist/doc/latex/hitszbeamer/main.tex	/usr/local/texlive/2025/texmf-dist/doc/latex/hitszbeamer/main.pdf	195
homework	/usr/local/texlive/2025/texmf-dist/doc/latex/homework/homework-demo-cn.tex	/usr/local/texlive/2025/texmf-dist/doc/latex/homework/homework-demo-cn.pdf	144
hrefhide	/usr/local/texlive/2025/texmf-dist/doc/latex/hrefhide/hrefhide-example.tex	/usr/local/texlive/2025/texmf-dist/doc/latex/hrefhide/hrefhide-example.pdf	172
hvfloat	/usr/local/texlive/2025/texmf-dist/doc/latex/hvfloat/capPos.tex	/usr/local/texlive/2025/texmf-dist/doc/latex/hvfloat/capPos.pdf	49
hvindex	/usr/local/texlive/2025/texmf-dist/doc/latex/hvindex/hvindex-doc.tex	/usr/local/texlive/2025/texmf-dist/doc/latex/hvindex/hvindex-doc.pdf	147
hvpygmentex	/usr/local/texlive/2025/texmf-dist/doc/latex/hvpygmentex/hvpygmentex.tex	/usr/local/texlive/2025/texmf-dist/doc/latex/hvpygmentex/hvpygmentex.pdf	67
hwemoji	/usr/local/texlive/2025/texmf-dist/doc/latex/hwemoji/hwemoji.tex	/usr/local/texlive/2025/texmf-dist/doc/latex/hwemoji/hwemoji.pdf	47
hyperbar	/usr/local/texlive/2025/texmf-dist/doc/latex/hyperbar/example.tex	/usr/local/texlive/2025/texmf-dist/doc/latex/hyperbar/example.pdf	12
ijmart	/usr/local/texlive/2025/texmf-dist/doc/latex/ijmart/ijmsample.tex	/usr/local/texlive/2025/texmf-dist/doc/latex/ijmart/ijmsample.pdf	2308
ijsra	/usr/local/texlive/2025/texmf-dist/doc/latex/ijsra/ijsra.tex	/usr/local/texlive/2025/texmf-dist/doc/latex/ijsra/ijsra.pdf	461
image-gallery	/usr/local/texlive/2025/texmf-dist/doc/latex/image-gallery/gallery-example.tex	/usr/local/texlive/2025/texmf-dist/doc/latex/image-gallery/gallery-example.pdf	24
incgraph	/usr/local/texlive/2025/texmf-dist/doc/latex/incgraph/incgraph.tex	/usr/local/texlive/2025/texmf-dist/doc/latex/incgraph/incgraph.pdf	1351
inkpaper	/usr/local/texlive/2025/texmf-dist/doc/latex/inkpaper/inkpaper-en.tex	/usr/local/texlive/2025/texmf-dist/doc/latex/inkpaper/inkpaper-en.pdf	30
inlinegraphicx	/usr/local/texlive/2025/texmf-dist/doc/latex/inlinegraphicx/inlinegraphicx-doc.tex	/usr/local/texlive/2025/texmf-dist/doc/latex/inlinegraphicx/inlinegraphicx-doc.pdf	275
interval	/usr/local/texlive/2025/texmf-dist/doc/latex/interval/interval.tex	/usr/local/texlive/2025/texmf-dist/doc/latex/interval/interval.pdf	199
invoice	/usr/local/texlive/2025/texmf-dist/doc/latex/invoice/invoice.tex	/usr/local/texlive/2025/texmf-dist/doc/latex/invoice/invoice.pdf	778
iodhbwm	/usr/local/texlive/2025/texmf-dist/doc/latex/iodhbwm/iodhbwm.tex	/usr/local/texlive/2025/texmf-dist/doc/latex/iodhbwm/iodhbwm.pdf	717
ionumbers	/usr/local/texlive/2025/texmf-dist/doc/latex/ionumbers/ionumbers_test.tex	/usr/local/texlive/2025/texmf-dist/doc/latex/ionumbers/ionumbers_test.pdf	765
ipsum	/usr/local/texlive/2025/texmf-dist/doc/latex/ipsum/ipsum-doc.tex	/usr/local/texlive/2025/texmf-dist/doc/latex/ipsum/ipsum-doc.pdf	280
isodate	/usr/local/texlive/2025/texmf-dist/doc/latex/isodate/testdate.tex	/usr/local/texlive/2025/texmf-dist/doc/latex/isodate/testdate.pdf	183
isomath	/usr/local/texlive/2025/texmf-dist/doc/latex/isomath/isomath-test.tex	/usr/local/texlive/2025/texmf-dist/doc/latex/isomath/isomath-test.pdf	283
isopt	/usr/local/texlive/2025/texmf-dist/doc/latex/isopt/isopt-doc.tex	/usr/local/texlive/2025/texmf-dist/doc/latex/isopt/isopt-doc.pdf	66
isorot	/usr/local/texlive/2025/texmf-dist/doc/latex/isorot/rotman.tex	/usr/local/texlive/2025/texmf-dist/doc/latex/isorot/rotman.pdf	897
issuulinks	/usr/local/texlive/2025/texmf-dist/doc/latex/issuulinks/sample.tex	/usr/local/texlive/2025/texmf-dist/doc/latex/issuulinks/sample.pdf	39
istgame	/usr/local/texlive/2025/texmf-dist/doc/latex/istgame/istgame-doc.tex	/usr/local/texlive/2025/texmf-dist/doc/latex/istgame/istgame-doc.pdf	773
iwonamath	/usr/local/texlive/2025/texmf-dist/doc/latex/iwonamath/sample.tex	/usr/local/texlive/2025/texmf-dist/doc/latex/iwonamath/sample.pdf	79
jacow	/usr/local/texlive/2025/texmf-dist/doc/latex/jacow/jacow-collaboration.tex	/usr/local/texlive/2025/texmf-dist/doc/latex/jacow/jacow-collaboration.pdf	98
jamtimes	/usr/local/texlive/2025/texmf-dist/doc/latex/jamtimes/textsample.tex	/usr/local/texlive/2025/texmf-dist/doc/latex/jamtimes/textsample.pdf	107
jkmath	/usr/local/texlive/2025/texmf-dist/doc/latex/jkmath/jkmath.tex	/usr/local/texlive/2025/texmf-dist/doc/latex/jkmath/jkmath.pdf	172
jmlr	/usr/local/texlive/2025/texmf-dist/doc/latex/jmlr/pmlr-sample.tex	/usr/local/texlive/2025/texmf-dist/doc/latex/jmlr/pmlr-sample.pdf	780
jnuexam	/usr/local/texlive/2025/texmf-dist/doc/latex/jnuexam/examfc-a-answer.tex	/usr/local/texlive/2025/texmf-dist/doc/latex/jnuexam/examfc-a-answer.pdf	361
joinbox	/usr/local/texlive/2025/texmf-dist/doc/latex/joinbox/joinbox.tex	/usr/local/texlive/2025/texmf-dist/doc/latex/joinbox/joinbox.pdf	782
jourcl	/usr/local/texlive/2025/texmf-dist/doc/latex/jourcl/jourcl.tex	/usr/local/texlive/2025/texmf-dist/doc/latex/jourcl/jourcl.pdf	149
jourrr	/usr/local/texlive/2025/texmf-dist/doc/latex/jourrr/jourrr.tex	/usr/local/texlive/2025/texmf-dist/doc/latex/jourrr/jourrr.pdf	189
jpsj	/usr/local/texlive/2025/texmf-dist/doc/latex/jpsj/injpsj2.tex	/usr/local/texlive/2025/texmf-dist/doc/latex/jpsj/injpsj2.pdf	204
jsonparse	/usr/local/texlive/2025/texmf-dist/doc/latex/jsonparse/jsonparse-doc.tex	/usr/local/texlive/2025/texmf-dist/doc/latex/jsonparse/jsonparse-doc.pdf	1229
jumplines	/usr/local/texlive/2025/texmf-dist/doc/latex/jumplines/jumplines_example.tex	/usr/local/texlive/2025/texmf-dist/doc/latex/jumplines/jumplines_example.pdf	70
jurabib	/usr/local/texlive/2025/texmf-dist/doc/latex/jurabib/jbtest.tex	/usr/local/texlive/2025/texmf-dist/doc/latex/jurabib/jbtest.pdf	132
jwjournal	/usr/local/texlive/2025/texmf-dist/doc/latex/jwjournal/jwjournal-demo-en.tex	/usr/local/texlive/2025/texmf-dist/doc/latex/jwjournal/jwjournal-demo-en.pdf	116
kanbun	/usr/local/texlive/2025/texmf-dist/doc/latex/kanbun/kanbun-example.tex	/usr/local/texlive/2025/texmf-dist/doc/latex/kanbun/kanbun-example.pdf	43
kaytannollista-latexia	/usr/local/texlive/2025/texmf-dist/doc/latex/kaytannollista-latexia/kaytannollista-latexia.tex	/usr/local/texlive/2025/texmf-dist/doc/latex/kaytannollista-latexia/kaytannollista-latexia.pdf	502
kblocks	/usr/local/texlive/2025/texmf-dist/doc/latex/kblocks/kblocks-doc.tex	/usr/local/texlive/2025/texmf-dist/doc/latex/kblocks/kblocks-doc.pdf	625
keisennote	/usr/local/texlive/2025/texmf-dist/doc/latex/keisennote/keisennote-doc.tex	/usr/local/texlive/2025/texmf-dist/doc/latex/keisennote/keisennote-doc.pdf	470
keycommand	/usr/local/texlive/2025/texmf-dist/doc/latex/keycommand/keycommand-example.tex	/usr/local/texlive/2025/texmf-dist/doc/latex/keycommand/keycommand-example.pdf	115
keystroke	/usr/local/texlive/2025/texmf-dist/doc/latex/keystroke/key-test.tex	/usr/local/texlive/2025/texmf-dist/doc/latex/keystroke/key-test.pdf	57
keytheorems	/usr/local/texlive/2025/texmf-dist/doc/latex/keytheorems/keytheorems-doc.tex	/usr/local/texlive/2025/texmf-dist/doc/latex/keytheorems/keytheorems-doc.pdf	1669
knittingpattern	/usr/local/texlive/2025/texmf-dist/doc/latex/knittingpattern/template.tex	/usr/local/texlive/2025/texmf-dist/doc/latex/knittingpattern/template.pdf	151
knowledge	/usr/local/texlive/2025/texmf-dist/doc/latex/knowledge/knowledge.tex	/usr/local/texlive/2025/texmf-dist/doc/latex/knowledge/knowledge.pdf	3186
koma-script-sfs	/usr/local/texlive/2025/texmf-dist/doc/latex/koma-script-sfs/SFSesim.tex	/usr/local/texlive/2025/texmf-dist/doc/latex/koma-script-sfs/SFSesim.pdf	102
korigamik	/usr/local/texlive/2025/texmf-dist/doc/latex/korigamik/korigamik-example.tex	/usr/local/texlive/2025/texmf-dist/doc/latex/korigamik/korigamik-example.pdf	78
kotex-oblivoir	/usr/local/texlive/2025/texmf-dist/doc/latex/kotex-oblivoir/oblivoir-simpledoc.tex	/usr/local/texlive/2025/texmf-dist/doc/latex/kotex-oblivoir/oblivoir-simpledoc.pdf	2005
kotex-utf	/usr/local/texlive/2025/texmf-dist/doc/latex/kotex-utf/kotex-doc.tex	/usr/local/texlive/2025/texmf-dist/doc/latex/kotex-utf/kotex-doc.pdf	751
kotex-utf	/usr/local/texlive/2025/texmf-dist/doc/latex/kotex-utf/kotex-utf-doc.tex	/usr/local/texlive/2025/texmf-dist/doc/latex/kotex-utf/kotex-utf-doc.pdf	2736
l3kernel	/usr/local/texlive/2025/texmf-dist/doc/latex/l3kernel/l3news04.tex	/usr/local/texlive/2025/texmf-dist/doc/latex/l3kernel/l3news04.pdf	123
labels4easylist	/usr/local/texlive/2025/texmf-dist/doc/latex/labels4easylist/labels4easylist.tex	/usr/local/texlive/2025/texmf-dist/doc/latex/labels4easylist/labels4easylist.pdf	91
labyrinth	/usr/local/texlive/2025/texmf-dist/doc/latex/labyrinth/labyrinth.tex	/usr/local/texlive/2025/texmf-dist/doc/latex/labyrinth/labyrinth.pdf	394
ladder	/usr/local/texlive/2025/texmf-dist/doc/latex/ladder/ladder.tex	/usr/local/texlive/2025/texmf-dist/doc/latex/ladder/ladder.pdf	267
lapdf	/usr/local/texlive/2025/texmf-dist/doc/latex/lapdf/lapdf.tex	/usr/local/texlive/2025/texmf-dist/doc/latex/lapdf/lapdf.pdf	325
latex-course	/usr/local/texlive/2025/texmf-dist/doc/latex/latex-course/LaTeX-Course.tex	/usr/local/texlive/2025/texmf-dist/doc/latex/latex-course/LaTeX-Course.pdf	853
latex-doc-ptr	/usr/local/texlive/2025/texmf-dist/doc/latex/latex-doc-ptr/latex-doc-ptr.tex	/usr/local/texlive/2025/texmf-dist/doc/latex/latex-doc-ptr/latex-doc-ptr.pdf	439
latex4wp	/usr/local/texlive/2025/texmf-dist/doc/latex/latex4wp/latex4wp.tex	/usr/local/texlive/2025/texmf-dist/doc/latex/latex4wp/latex4wp.pdf	3471
lazylist	/usr/local/texlive/2025/texmf-dist/doc/latex/lazylist/lazylist.tex	/usr/local/texlive/2025/texmf-dist/doc/latex/lazylist/lazylist.pdf	1156
lectures	/usr/local/texlive/2025/texmf-dist/doc/latex/lectures/example.tex	/usr/local/texlive/2025/texmf-dist/doc/latex/lectures/example.pdf	62
lexref	/usr/local/texlive/2025/texmf-dist/doc/latex/lexref/lexref.tex	/usr/local/texlive/2025/texmf-dist/doc/latex/lexref/lexref.pdf	696
liftarm	/usr/local/texlive/2025/texmf-dist/doc/latex/liftarm/liftarm.tex	/usr/local/texlive/2025/texmf-dist/doc/latex/liftarm/liftarm.pdf	729
lineno	/usr/local/texlive/2025/texmf-dist/doc/latex/lineno/lnosuppl.tex	/usr/local/texlive/2025/texmf-dist/doc/latex/lineno/lnosuppl.pdf	125
linguex	/usr/local/texlive/2025/texmf-dist/doc/latex/linguex/ps-trees-doc.tex	/usr/local/texlive/2025/texmf-dist/doc/latex/linguex/ps-trees-doc.pdf	304
linkedthm	/usr/local/texlive/2025/texmf-dist/doc/latex/linkedthm/linkedthm-doc.tex	/usr/local/texlive/2025/texmf-dist/doc/latex/linkedthm/linkedthm-doc.pdf	78
linop	/usr/local/texlive/2025/texmf-dist/doc/latex/linop/linop.tex	/usr/local/texlive/2025/texmf-dist/doc/latex/linop/linop.pdf	272
lion-msc	/usr/local/texlive/2025/texmf-dist/doc/latex/lion-msc/minimal.tex	/usr/local/texlive/2025/texmf-dist/doc/latex/lion-msc/minimal.pdf	14
litetable	/usr/local/texlive/2025/texmf-dist/doc/latex/litetable/litetable-demo.tex	/usr/local/texlive/2025/texmf-dist/doc/latex/litetable/litetable-demo.pdf	35
lkproof	/usr/local/texlive/2025/texmf-dist/doc/latex/lkproof/lkproof-doc.tex	/usr/local/texlive/2025/texmf-dist/doc/latex/lkproof/lkproof-doc.pdf	106
logoetalab	/usr/local/texlive/2025/texmf-dist/doc/latex/logoetalab/logoetalab-doc.tex	/usr/local/texlive/2025/texmf-dist/doc/latex/logoetalab/logoetalab-doc.pdf	559
logpap	/usr/local/texlive/2025/texmf-dist/doc/latex/logpap/example.tex	/usr/local/texlive/2025/texmf-dist/doc/latex/logpap/example.pdf	127
longdivision	/usr/local/texlive/2025/texmf-dist/doc/latex/longdivision/longdivision_manual.tex	/usr/local/texlive/2025/texmf-dist/doc/latex/longdivision/longdivision_manual.pdf	222
longtwocolumn	/usr/local/texlive/2025/texmf-dist/doc/latex/longtwocolumn/longtwocolumn-example.tex	/usr/local/texlive/2025/texmf-dist/doc/latex/longtwocolumn/longtwocolumn-example.pdf	43
lpic	/usr/local/texlive/2025/texmf-dist/doc/latex/lpic/instructions.tex	/usr/local/texlive/2025/texmf-dist/doc/latex/lpic/instructions.pdf	326
lstbayes	/usr/local/texlive/2025/texmf-dist/doc/latex/lstbayes/examples.tex	/usr/local/texlive/2025/texmf-dist/doc/latex/lstbayes/examples.pdf	128
lstfiracode	/usr/local/texlive/2025/texmf-dist/doc/latex/lstfiracode/lstfiracode.tex	/usr/local/texlive/2025/texmf-dist/doc/latex/lstfiracode/lstfiracode.pdf	331
ltx-talk	/usr/local/texlive/2025/texmf-dist/doc/latex/ltx-talk/overlays-opacity.tex	/usr/local/texlive/2025/texmf-dist/doc/latex/ltx-talk/overlays-opacity.pdf	16
lua-tikz3dtools	/usr/local/texlive/2025/texmf-dist/doc/latex/lua-tikz3dtools/lua-tikz3dtools-doc.tex	/usr/local/texlive/2025/texmf-dist/doc/latex/lua-tikz3dtools/lua-tikz3dtools-doc.pdf	35
lucide-icons	/usr/local/texlive/2025/texmf-dist/doc/latex/lucide-icons/lucide-icons-doc.tex	/usr/local/texlive/2025/texmf-dist/doc/latex/lucide-icons/lucide-icons-doc.pdf	151
maine-thesis	/usr/local/texlive/2025/texmf-dist/doc/latex/maine-thesis/maine-thesis-example.tex	/usr/local/texlive/2025/texmf-dist/doc/latex/maine-thesis/maine-thesis-example.pdf	64
makeglos	/usr/local/texlive/2025/texmf-dist/doc/latex/makeglos/makeglos.tex	/usr/local/texlive/2025/texmf-dist/doc/latex/makeglos/makeglos.pdf	114
makelabels	/usr/local/texlive/2025/texmf-dist/doc/latex/makelabels/makelabels-envlab-example.tex	/usr/local/texlive/2025/texmf-dist/doc/latex/makelabels/makelabels-envlab-example.pdf	47
makeshape	/usr/local/texlive/2025/texmf-dist/doc/latex/makeshape/testsample.tex	/usr/local/texlive/2025/texmf-dist/doc/latex/makeshape/testsample.pdf	685
manyind	/usr/local/texlive/2025/texmf-dist/doc/latex/manyind/mindsample.tex	/usr/local/texlive/2025/texmf-dist/doc/latex/manyind/mindsample.pdf	284
maritime	/usr/local/texlive/2025/texmf-dist/doc/latex/maritime/maritime-doc.tex	/usr/local/texlive/2025/texmf-dist/doc/latex/maritime/maritime-doc.pdf	160
math-into-latex-4	/usr/local/texlive/2025/texmf-dist/doc/latex/math-into-latex-4/quickbeamer2.tex	/usr/local/texlive/2025/texmf-dist/doc/latex/math-into-latex-4/quickbeamer2.pdf	177
mathador	/usr/local/texlive/2025/texmf-dist/doc/latex/mathador/mathador-doc.tex	/usr/local/texlive/2025/texmf-dist/doc/latex/mathador/mathador-doc.pdf	383
mathexam	/usr/local/texlive/2025/texmf-dist/doc/latex/mathexam/sample.tex	/usr/local/texlive/2025/texmf-dist/doc/latex/mathexam/sample.pdf	38
mathfont	/usr/local/texlive/2025/texmf-dist/doc/latex/mathfont/mathfont-symbol-list.tex	/usr/local/texlive/2025/texmf-dist/doc/latex/mathfont/mathfont-symbol-list.pdf	895
mathpunctspace	/usr/local/texlive/2025/texmf-dist/doc/latex/mathpunctspace/mathpunctspace.tex	/usr/local/texlive/2025/texmf-dist/doc/latex/mathpunctspace/mathpunctspace.pdf	120
matrix-skeleton	/usr/local/texlive/2025/texmf-dist/doc/latex/matrix-skeleton/example.tex	/usr/local/texlive/2025/texmf-dist/doc/latex/matrix-skeleton/example.pdf	17
maybemath	/usr/local/texlive/2025/texmf-dist/doc/latex/maybemath/maybemath.tex	/usr/local/texlive/2025/texmf-dist/doc/latex/maybemath/maybemath.pdf	97
mciteplus	/usr/local/texlive/2025/texmf-dist/doc/latex/mciteplus/mciteplus_doc.tex	/usr/local/texlive/2025/texmf-dist/doc/latex/mciteplus/mciteplus_doc.pdf	2319
mdputu	/usr/local/texlive/2025/texmf-dist/doc/latex/mdputu/sample.tex	/usr/local/texlive/2025/texmf-dist/doc/latex/mdputu/sample.pdf	24
mecaso	/usr/local/texlive/2025/texmf-dist/doc/latex/mecaso/mecaso.tex	/usr/local/texlive/2025/texmf-dist/doc/latex/mecaso/mecaso.pdf	442
memexsupp	/usr/local/texlive/2025/texmf-dist/doc/latex/memexsupp/memexsupp.tex	/usr/local/texlive/2025/texmf-dist/doc/latex/memexsupp/memexsupp.pdf	413
mfirstuc	/usr/local/texlive/2025/texmf-dist/doc/latex/mfirstuc/sample-mfirstuc.tex	/usr/local/texlive/2025/texmf-dist/doc/latex/mfirstuc/sample-mfirstuc.pdf	318
mhchem	/usr/local/texlive/2025/texmf-dist/doc/latex/mhchem/mhchem.tex	/usr/local/texlive/2025/texmf-dist/doc/latex/mhchem/mhchem.pdf	1762
mhequ	/usr/local/texlive/2025/texmf-dist/doc/latex/mhequ/mhequ-example.tex	/usr/local/texlive/2025/texmf-dist/doc/latex/mhequ/mhequ-example.pdf	117
milog	/usr/local/texlive/2025/texmf-dist/doc/latex/milog/milog-formular.tex	/usr/local/texlive/2025/texmf-dist/doc/latex/milog/milog-formular.pdf	38
milsymb	/usr/local/texlive/2025/texmf-dist/doc/latex/milsymb/milsymb.tex	/usr/local/texlive/2025/texmf-dist/doc/latex/milsymb/milsymb.pdf	1577
minorrevision	/usr/local/texlive/2025/texmf-dist/doc/latex/minorrevision/minorrevision.tex	/usr/local/texlive/2025/texmf-dist/doc/latex/minorrevision/minorrevision.pdf	155
minted-code	/usr/local/texlive/2025/texmf-dist/doc/latex/minted-code/minted-code-doc.tex	/usr/local/texlive/2025/texmf-dist/doc/latex/minted-code/minted-code-doc.pdf	223
mlacls	/usr/local/texlive/2025/texmf-dist/doc/latex/mlacls/mla-example.tex	/usr/local/texlive/2025/texmf-dist/doc/latex/mlacls/mla-example.pdf	119
mnras	/usr/local/texlive/2025/texmf-dist/doc/latex/mnras/mnras_guide.tex	/usr/local/texlive/2025/texmf-dist/doc/latex/mnras/mnras_guide.pdf	873
modeles-factures-belges-assocs	/usr/local/texlive/2025/texmf-dist/doc/latex/modeles-factures-belges-assocs/facture-basique.tex	/usr/local/texlive/2025/texmf-dist/doc/latex/modeles-factures-belges-assocs/facture-basique.pdf	235
modernposter	/usr/local/texlive/2025/texmf-dist/doc/latex/modernposter/demo.tex	/usr/local/texlive/2025/texmf-dist/doc/latex/modernposter/demo.pdf	87
montex	/usr/local/texlive/2025/texmf-dist/doc/latex/montex/mlsquick.tex	/usr/local/texlive/2025/texmf-dist/doc/latex/montex/mlsquick.pdf	1038
moreenum	/usr/local/texlive/2025/texmf-dist/doc/latex/moreenum/moreenum-doc.tex	/usr/local/texlive/2025/texmf-dist/doc/latex/moreenum/moreenum-doc.pdf	201
morehype	/usr/local/texlive/2025/texmf-dist/doc/latex/morehype/wiki_mwe.tex	/usr/local/texlive/2025/texmf-dist/doc/latex/morehype/wiki_mwe.pdf	7
movement-arrows	/usr/local/texlive/2025/texmf-dist/doc/latex/movement-arrows/movement-arrows.tex	/usr/local/texlive/2025/texmf-dist/doc/latex/movement-arrows/movement-arrows.pdf	330
movie15	/usr/local/texlive/2025/texmf-dist/doc/latex/movie15/overlay-example.tex	/usr/local/texlive/2025/texmf-dist/doc/latex/movie15/overlay-example.pdf	47
msc	/usr/local/texlive/2025/texmf-dist/doc/latex/msc/msc.tex	/usr/local/texlive/2025/texmf-dist/doc/latex/msc/msc.pdf	2299
multi-sudoku	/usr/local/texlive/2025/texmf-dist/doc/latex/multi-sudoku/multi-sudoku-documentation.tex	/usr/local/texlive/2025/texmf-dist/doc/latex/multi-sudoku/multi-sudoku-documentation.pdf	703
multiple-choice	/usr/local/texlive/2025/texmf-dist/doc/latex/multiple-choice/multiple-choice-doc.tex	/usr/local/texlive/2025/texmf-dist/doc/latex/multiple-choice/multiple-choice-doc.pdf	96
musicography	/usr/local/texlive/2025/texmf-dist/doc/latex/musicography/musicography.tex	/usr/local/texlive/2025/texmf-dist/doc/latex/musicography/musicography.pdf	316
ncclatex	/usr/local/texlive/2025/texmf-dist/doc/latex/ncclatex/ncclatex.tex	/usr/local/texlive/2025/texmf-dist/doc/latex/ncclatex/ncclatex.pdf	1336
newcommand	/usr/local/texlive/2025/texmf-dist/doc/latex/newcommand/newcommand.tex	/usr/local/texlive/2025/texmf-dist/doc/latex/newcommand/newcommand.pdf	742
newpax	/usr/local/texlive/2025/texmf-dist/doc/latex/newpax/doc-use-newpax.tex	/usr/local/texlive/2025/texmf-dist/doc/latex/newpax/doc-use-newpax.pdf	35
newpax	/usr/local/texlive/2025/texmf-dist/doc/latex/newpax/doc-use-pax.tex	/usr/local/texlive/2025/texmf-dist/doc/latex/newpax/doc-use-pax.pdf	29
nicematrix	/usr/local/texlive/2025/texmf-dist/doc/latex/nicematrix/nicematrix.tex	/usr/local/texlive/2025/texmf-dist/doc/latex/nicematrix/nicematrix.pdf	8333
nih	/usr/local/texlive/2025/texmf-dist/doc/latex/nih/example-biosketch.tex	/usr/local/texlive/2025/texmf-dist/doc/latex/nih/example-biosketch.pdf	698
nl-interval	/usr/local/texlive/2025/texmf-dist/doc/latex/nl-interval/nl-interval.tex	/usr/local/texlive/2025/texmf-dist/doc/latex/nl-interval/nl-interval.pdf	199
nmbib	/usr/local/texlive/2025/texmf-dist/doc/latex/nmbib/nmbib-sample.tex	/usr/local/texlive/2025/texmf-dist/doc/latex/nmbib/nmbib-sample.pdf	68
nodepthtext	/usr/local/texlive/2025/texmf-dist/doc/latex/nodepthtext/nodepthtext-doc.tex	/usr/local/texlive/2025/texmf-dist/doc/latex/nodepthtext/nodepthtext-doc.pdf	289
nomencl	/usr/local/texlive/2025/texmf-dist/doc/latex/nomencl/sample04.tex	/usr/local/texlive/2025/texmf-dist/doc/latex/nomencl/sample04.pdf	21
nomencl	/usr/local/texlive/2025/texmf-dist/doc/latex/nomencl/sample05.tex	/usr/local/texlive/2025/texmf-dist/doc/latex/nomencl/sample05.pdf	20
nomentbl	/usr/local/texlive/2025/texmf-dist/doc/latex/nomentbl/example.tex	/usr/local/texlive/2025/texmf-dist/doc/latex/nomentbl/example.pdf	63
nonfloat	/usr/local/texlive/2025/texmf-dist/doc/latex/nonfloat/nonfloat-en.tex	/usr/local/texlive/2025/texmf-dist/doc/latex/nonfloat/nonfloat-en.pdf	199
notebeamer	/usr/local/texlive/2025/texmf-dist/doc/latex/notebeamer/notebeamer-demo.tex	/usr/local/texlive/2025/texmf-dist/doc/latex/notebeamer/notebeamer-demo.pdf	24
nox	/usr/local/texlive/2025/texmf-dist/doc/latex/nox/nox.tex	/usr/local/texlive/2025/texmf-dist/doc/latex/nox/nox.pdf	186
nrc	/usr/local/texlive/2025/texmf-dist/doc/latex/nrc/userguide.tex	/usr/local/texlive/2025/texmf-dist/doc/latex/nrc/userguide.pdf	2399
ntgclass	/usr/local/texlive/2025/texmf-dist/doc/latex/ntgclass/brief-sample.tex	/usr/local/texlive/2025/texmf-dist/doc/latex/ntgclass/brief-sample.pdf	199
ntgclass	/usr/local/texlive/2025/texmf-dist/doc/latex/ntgclass/classdoc.tex	/usr/local/texlive/2025/texmf-dist/doc/latex/ntgclass/classdoc.pdf	134
ntheorem-vn	/usr/local/texlive/2025/texmf-dist/doc/latex/ntheorem-vn/test.tex	/usr/local/texlive/2025/texmf-dist/doc/latex/ntheorem-vn/test.pdf	90
nuc	/usr/local/texlive/2025/texmf-dist/doc/latex/nuc/nuc.tex	/usr/local/texlive/2025/texmf-dist/doc/latex/nuc/nuc.pdf	29
nucleardata	/usr/local/texlive/2025/texmf-dist/doc/latex/nucleardata/nuccommandtest.tex	/usr/local/texlive/2025/texmf-dist/doc/latex/nucleardata/nuccommandtest.pdf	104
numberedblock	/usr/local/texlive/2025/texmf-dist/doc/latex/numberedblock/testnumberedblock.tex	/usr/local/texlive/2025/texmf-dist/doc/latex/numberedblock/testnumberedblock.pdf	66
numbersets	/usr/local/texlive/2025/texmf-dist/doc/latex/numbersets/numbersets-doc.tex	/usr/local/texlive/2025/texmf-dist/doc/latex/numbersets/numbersets-doc.pdf	321
numerica	/usr/local/texlive/2025/texmf-dist/doc/latex/numerica/numerica.tex	/usr/local/texlive/2025/texmf-dist/doc/latex/numerica/numerica.pdf	7465
numnameru	/usr/local/texlive/2025/texmf-dist/doc/latex/numnameru/numnameru.tex	/usr/local/texlive/2025/texmf-dist/doc/latex/numnameru/numnameru.pdf	48
numspell	/usr/local/texlive/2025/texmf-dist/doc/latex/numspell/numspell.tex	/usr/local/texlive/2025/texmf-dist/doc/latex/numspell/numspell.pdf	513
objectz	/usr/local/texlive/2025/texmf-dist/doc/latex/objectz/ozguide.tex	/usr/local/texlive/2025/texmf-dist/doc/latex/objectz/ozguide.pdf	1311
octave	/usr/local/texlive/2025/texmf-dist/doc/latex/octave/octave.tex	/usr/local/texlive/2025/texmf-dist/doc/latex/octave/octave.pdf	128
onepgnote	/usr/local/texlive/2025/texmf-dist/doc/latex/onepgnote/onepgnote-example.tex	/usr/local/texlive/2025/texmf-dist/doc/latex/onepgnote/onepgnote-example.pdf	527
onrannual	/usr/local/texlive/2025/texmf-dist/doc/latex/onrannual/skeleton.tex	/usr/local/texlive/2025/texmf-dist/doc/latex/onrannual/skeleton.pdf	212
open-everyday-symbols	/usr/local/texlive/2025/texmf-dist/doc/latex/open-everyday-symbols/open-everyday-symbols-doc.tex	/usr/local/texlive/2025/texmf-dist/doc/latex/open-everyday-symbols/open-everyday-symbols-doc.pdf	141
opencolor	/usr/local/texlive/2025/texmf-dist/doc/latex/opencolor/demo-opencolor.tex	/usr/local/texlive/2025/texmf-dist/doc/latex/opencolor/demo-opencolor.pdf	26
oplotsymbl	/usr/local/texlive/2025/texmf-dist/doc/latex/oplotsymbl/oPlotSymbl-Manual-en.tex	/usr/local/texlive/2025/texmf-dist/doc/latex/oplotsymbl/oPlotSymbl-Manual-en.pdf	493
optidef	/usr/local/texlive/2025/texmf-dist/doc/latex/optidef/optidef.tex	/usr/local/texlive/2025/texmf-dist/doc/latex/optidef/optidef.pdf	854
optikz	/usr/local/texlive/2025/texmf-dist/doc/latex/optikz/optikz_doc.tex	/usr/local/texlive/2025/texmf-dist/doc/latex/optikz/optikz_doc.pdf	358
ot-tableau	/usr/local/texlive/2025/texmf-dist/doc/latex/ot-tableau/ot-tableau.tex	/usr/local/texlive/2025/texmf-dist/doc/latex/ot-tableau/ot-tableau.pdf	299
othelloboard	/usr/local/texlive/2025/texmf-dist/doc/latex/othelloboard/othelloboard.tex	/usr/local/texlive/2025/texmf-dist/doc/latex/othelloboard/othelloboard.pdf	760
oubraces	/usr/local/texlive/2025/texmf-dist/doc/latex/oubraces/oubraces.tex	/usr/local/texlive/2025/texmf-dist/doc/latex/oubraces/oubraces.pdf	211
oup-authoring-template	/usr/local/texlive/2025/texmf-dist/doc/latex/oup-authoring-template/oup-authoring-template.tex	/usr/local/texlive/2025/texmf-dist/doc/latex/oup-authoring-template/oup-authoring-template.pdf	970
outlines	/usr/local/texlive/2025/texmf-dist/doc/latex/outlines/outlines.tex	/usr/local/texlive/2025/texmf-dist/doc/latex/outlines/outlines.pdf	267
overlays	/usr/local/texlive/2025/texmf-dist/doc/latex/overlays/sample.tex	/usr/local/texlive/2025/texmf-dist/doc/latex/overlays/sample.pdf	227
pagelayout	/usr/local/texlive/2025/texmf-dist/doc/latex/pagelayout/example-template.tex	/usr/local/texlive/2025/texmf-dist/doc/latex/pagelayout/example-template.pdf	46
panda	/usr/local/texlive/2025/texmf-dist/doc/latex/panda/panda-doc.tex	/usr/local/texlive/2025/texmf-dist/doc/latex/panda/panda-doc.pdf	313
panneauxroute	/usr/local/texlive/2025/texmf-dist/doc/latex/panneauxroute/PanneauxRoute-doc.tex	/usr/local/texlive/2025/texmf-dist/doc/latex/panneauxroute/PanneauxRoute-doc.pdf	747
papermas	/usr/local/texlive/2025/texmf-dist/doc/latex/papermas/papermas-example.tex	/usr/local/texlive/2025/texmf-dist/doc/latex/papermas/papermas-example.pdf	93
papiergurvan	/usr/local/texlive/2025/texmf-dist/doc/latex/papiergurvan/PapierGurvan-doc-fr.tex	/usr/local/texlive/2025/texmf-dist/doc/latex/papiergurvan/PapierGurvan-doc-fr.pdf	538
paresse	/usr/local/texlive/2025/texmf-dist/doc/latex/paresse/paresse-fra.tex	/usr/local/texlive/2025/texmf-dist/doc/latex/paresse/paresse-fra.pdf	423
parnotes	/usr/local/texlive/2025/texmf-dist/doc/latex/parnotes/parnotes.tex	/usr/local/texlive/2025/texmf-dist/doc/latex/parnotes/parnotes.pdf	355
pascaltriangle	/usr/local/texlive/2025/texmf-dist/doc/latex/pascaltriangle/pascaltriangle.tex	/usr/local/texlive/2025/texmf-dist/doc/latex/pascaltriangle/pascaltriangle.pdf	389
pats-resume	/usr/local/texlive/2025/texmf-dist/doc/latex/pats-resume/pats-resume-example.tex	/usr/local/texlive/2025/texmf-dist/doc/latex/pats-resume/pats-resume-example.pdf	98
pdfcomment	/usr/local/texlive/2025/texmf-dist/doc/latex/pdfcomment/example_math_markup.tex	/usr/local/texlive/2025/texmf-dist/doc/latex/pdfcomment/example_math_markup.pdf	116
pdfmarginpar	/usr/local/texlive/2025/texmf-dist/doc/latex/pdfmarginpar/pdfmarginparexample.tex	/usr/local/texlive/2025/texmf-dist/doc/latex/pdfmarginpar/pdfmarginparexample.pdf	72
pdfreview	/usr/local/texlive/2025/texmf-dist/doc/latex/pdfreview/sample.tex	/usr/local/texlive/2025/texmf-dist/doc/latex/pdfreview/sample.pdf	66
pdfscreen	/usr/local/texlive/2025/texmf-dist/doc/latex/pdfscreen/slide.tex	/usr/local/texlive/2025/texmf-dist/doc/latex/pdfscreen/slide.pdf	158
pdftricks	/usr/local/texlive/2025/texmf-dist/doc/latex/pdftricks/test.tex	/usr/local/texlive/2025/texmf-dist/doc/latex/pdftricks/test.pdf	556
pecha	/usr/local/texlive/2025/texmf-dist/doc/latex/pecha/example.tex	/usr/local/texlive/2025/texmf-dist/doc/latex/pecha/example.pdf	48
pegmatch	/usr/local/texlive/2025/texmf-dist/doc/latex/pegmatch/pegmatch.tex	/usr/local/texlive/2025/texmf-dist/doc/latex/pegmatch/pegmatch.pdf	274
perfectcut	/usr/local/texlive/2025/texmf-dist/doc/latex/perfectcut/perfectcut.tex	/usr/local/texlive/2025/texmf-dist/doc/latex/perfectcut/perfectcut.pdf	333
petiteannonce	/usr/local/texlive/2025/texmf-dist/doc/latex/petiteannonce/petiteannonceexample.tex	/usr/local/texlive/2025/texmf-dist/doc/latex/petiteannonce/petiteannonceexample.pdf	35
pfdicons	/usr/local/texlive/2025/texmf-dist/doc/latex/pfdicons/pfdicons-doc.tex	/usr/local/texlive/2025/texmf-dist/doc/latex/pfdicons/pfdicons-doc.pdf	3812
pgf-periodictable	/usr/local/texlive/2025/texmf-dist/doc/latex/pgf-periodictable/pgfPT.colorSchemes.info.tex	/usr/local/texlive/2025/texmf-dist/doc/latex/pgf-periodictable/pgfPT.colorSchemes.info.pdf	11
pgf-soroban	/usr/local/texlive/2025/texmf-dist/doc/latex/pgf-soroban/pgf-soroban-doc.tex	/usr/local/texlive/2025/texmf-dist/doc/latex/pgf-soroban/pgf-soroban-doc.pdf	298
pgf-umlcd	/usr/local/texlive/2025/texmf-dist/doc/latex/pgf-umlcd/pgf-umlcd-manual.tex	/usr/local/texlive/2025/texmf-dist/doc/latex/pgf-umlcd/pgf-umlcd-manual.pdf	160
pgf-umlsd	/usr/local/texlive/2025/texmf-dist/doc/latex/pgf-umlsd/pgf-umlsd-manual.tex	/usr/local/texlive/2025/texmf-dist/doc/latex/pgf-umlsd/pgf-umlsd-manual.pdf	192
pgfmorepages	/usr/local/texlive/2025/texmf-dist/doc/latex/pgfmorepages/pgfmorepages.tex	/usr/local/texlive/2025/texmf-dist/doc/latex/pgfmorepages/pgfmorepages.pdf	390
pgfornament	/usr/local/texlive/2025/texmf-dist/doc/latex/pgfornament/tikzrput.tex	/usr/local/texlive/2025/texmf-dist/doc/latex/pgfornament/tikzrput.pdf	606
philex	/usr/local/texlive/2025/texmf-dist/doc/latex/philex/philexmanual.tex	/usr/local/texlive/2025/texmf-dist/doc/latex/philex/philexmanual.pdf	593
philosophersimprint	/usr/local/texlive/2025/texmf-dist/doc/latex/philosophersimprint/sample.tex	/usr/local/texlive/2025/texmf-dist/doc/latex/philosophersimprint/sample.pdf	179
phonrule	/usr/local/texlive/2025/texmf-dist/doc/latex/phonrule/phonrule-doc.tex	/usr/local/texlive/2025/texmf-dist/doc/latex/phonrule/phonrule-doc.pdf	230
physics2	/usr/local/texlive/2025/texmf-dist/doc/latex/physics2/physics2.tex	/usr/local/texlive/2025/texmf-dist/doc/latex/physics2/physics2.pdf	600
pictochrono	/usr/local/texlive/2025/texmf-dist/doc/latex/pictochrono/pictochrono-doc.tex	/usr/local/texlive/2025/texmf-dist/doc/latex/pictochrono/pictochrono-doc.pdf	218
pinoutikz	/usr/local/texlive/2025/texmf-dist/doc/latex/pinoutikz/pinoutikz_doc_en.tex	/usr/local/texlive/2025/texmf-dist/doc/latex/pinoutikz/pinoutikz_doc_en.pdf	515
pixelart	/usr/local/texlive/2025/texmf-dist/doc/latex/pixelart/pixelart0.tex	/usr/local/texlive/2025/texmf-dist/doc/latex/pixelart/pixelart0.pdf	454
pixelarttikz	/usr/local/texlive/2025/texmf-dist/doc/latex/pixelarttikz/pixelarttikz-l3-doc.tex	/usr/local/texlive/2025/texmf-dist/doc/latex/pixelarttikz/pixelarttikz-l3-doc.pdf	281
pmdraw	/usr/local/texlive/2025/texmf-dist/doc/latex/pmdraw/pmdraw.tex	/usr/local/texlive/2025/texmf-dist/doc/latex/pmdraw/pmdraw.pdf	5391
polyhedra	/usr/local/texlive/2025/texmf-dist/doc/latex/polyhedra/polyhedra-doc.tex	/usr/local/texlive/2025/texmf-dist/doc/latex/polyhedra/polyhedra-doc.pdf	418
polynom	/usr/local/texlive/2025/texmf-dist/doc/latex/polynom/polydemo.tex	/usr/local/texlive/2025/texmf-dist/doc/latex/polynom/polydemo.pdf	107
polyomino	/usr/local/texlive/2025/texmf-dist/doc/latex/polyomino/polyomino.tex	/usr/local/texlive/2025/texmf-dist/doc/latex/polyomino/polyomino.pdf	277
postit	/usr/local/texlive/2025/texmf-dist/doc/latex/postit/postit-doc-fr.tex	/usr/local/texlive/2025/texmf-dist/doc/latex/postit/postit-doc-fr.pdf	703
postnotes	/usr/local/texlive/2025/texmf-dist/doc/latex/postnotes/postnotes-doc.tex	/usr/local/texlive/2025/texmf-dist/doc/latex/postnotes/postnotes-doc.pdf	1454
practicalreports	/usr/local/texlive/2025/texmf-dist/doc/latex/practicalreports/practicalreports.tex	/usr/local/texlive/2025/texmf-dist/doc/latex/practicalreports/practicalreports.pdf	348
prerex	/usr/local/texlive/2025/texmf-dist/doc/latex/prerex/chart.tex	/usr/local/texlive/2025/texmf-dist/doc/latex/prerex/chart.pdf	69
prftree	/usr/local/texlive/2025/texmf-dist/doc/latex/prftree/prftreedoc.tex	/usr/local/texlive/2025/texmf-dist/doc/latex/prftree/prftreedoc.pdf	2425
profsio	/usr/local/texlive/2025/texmf-dist/doc/latex/profsio/ProfSio-doc-annexe73.tex	/usr/local/texlive/2025/texmf-dist/doc/latex/profsio/ProfSio-doc-annexe73.pdf	18
progress	/usr/local/texlive/2025/texmf-dist/doc/latex/progress/progress.tex	/usr/local/texlive/2025/texmf-dist/doc/latex/progress/progress.pdf	199
progressbar	/usr/local/texlive/2025/texmf-dist/doc/latex/progressbar/progressbar.tex	/usr/local/texlive/2025/texmf-dist/doc/latex/progressbar/progressbar.pdf	242
proof-at-the-end	/usr/local/texlive/2025/texmf-dist/doc/latex/proof-at-the-end/proof-at-the-end_demo.tex	/usr/local/texlive/2025/texmf-dist/doc/latex/proof-at-the-end/proof-at-the-end_demo.pdf	387
proofread	/usr/local/texlive/2025/texmf-dist/doc/latex/proofread/example.tex	/usr/local/texlive/2025/texmf-dist/doc/latex/proofread/example.pdf	134
prtec	/usr/local/texlive/2025/texmf-dist/doc/latex/prtec/PRTEC24-template.tex	/usr/local/texlive/2025/texmf-dist/doc/latex/prtec/PRTEC24-template.pdf	305
pseudocode	/usr/local/texlive/2025/texmf-dist/doc/latex/pseudocode/pseudocode.tex	/usr/local/texlive/2025/texmf-dist/doc/latex/pseudocode/pseudocode.pdf	768
psfragx	/usr/local/texlive/2025/texmf-dist/doc/latex/psfragx/psfragx_example.tex	/usr/local/texlive/2025/texmf-dist/doc/latex/psfragx/psfragx_example.pdf	348
psgo	/usr/local/texlive/2025/texmf-dist/doc/latex/psgo/psgomanual.tex	/usr/local/texlive/2025/texmf-dist/doc/latex/psgo/psgomanual.pdf	606
pst-exa	/usr/local/texlive/2025/texmf-dist/doc/latex/pst-exa/pst-exa-doc.tex	/usr/local/texlive/2025/texmf-dist/doc/latex/pst-exa/pst-exa-doc.pdf	343
pst-flags	/usr/local/texlive/2025/texmf-dist/doc/latex/pst-flags/pst-flags-doc.tex	/usr/local/texlive/2025/texmf-dist/doc/latex/pst-flags/pst-flags-doc.pdf	297
pst-vowel	/usr/local/texlive/2025/texmf-dist/doc/latex/pst-vowel/pst-vowel.tex	/usr/local/texlive/2025/texmf-dist/doc/latex/pst-vowel/pst-vowel.pdf	279
ptptex	/usr/local/texlive/2025/texmf-dist/doc/latex/ptptex/manptp.tex	/usr/local/texlive/2025/texmf-dist/doc/latex/ptptex/manptp.pdf	919
puyotikz	/usr/local/texlive/2025/texmf-dist/doc/latex/puyotikz/puyotikz.tex	/usr/local/texlive/2025/texmf-dist/doc/latex/puyotikz/puyotikz.pdf	206
pygmentex	/usr/local/texlive/2025/texmf-dist/doc/latex/pygmentex/pygmentex_demo_2.tex	/usr/local/texlive/2025/texmf-dist/doc/latex/pygmentex/pygmentex_demo_2.pdf	23
pynotebook	/usr/local/texlive/2025/texmf-dist/doc/latex/pynotebook/pynotebook-doc.tex	/usr/local/texlive/2025/texmf-dist/doc/latex/pynotebook/pynotebook-doc.pdf	608
qsymbols	/usr/local/texlive/2025/texmf-dist/doc/latex/qsymbols/qsymbols.tex	/usr/local/texlive/2025/texmf-dist/doc/latex/qsymbols/qsymbols.pdf	494
qtree	/usr/local/texlive/2025/texmf-dist/doc/latex/qtree/qarrows.tex	/usr/local/texlive/2025/texmf-dist/doc/latex/qtree/qarrows.pdf	100
quantikz	/usr/local/texlive/2025/texmf-dist/doc/latex/quantikz/quantikz.tex	/usr/local/texlive/2025/texmf-dist/doc/latex/quantikz/quantikz.pdf	1330
quantum-chemistry-bonn	/usr/local/texlive/2025/texmf-dist/doc/latex/quantum-chemistry-bonn/quantum-chemistry-bonn-example.tex	/usr/local/texlive/2025/texmf-dist/doc/latex/quantum-chemistry-bonn/quantum-chemistry-bonn-example.pdf	34
quantumarticle	/usr/local/texlive/2025/texmf-dist/doc/latex/quantumarticle/quantum-bibliographystyle-demo.tex	/usr/local/texlive/2025/texmf-dist/doc/latex/quantumarticle/quantum-bibliographystyle-demo.pdf	276
quantumarticle	/usr/local/texlive/2025/texmf-dist/doc/latex/quantumarticle/quantumview-template.tex	/usr/local/texlive/2025/texmf-dist/doc/latex/quantumarticle/quantumview-template.pdf	68
quantumcubemodel	/usr/local/texlive/2025/texmf-dist/doc/latex/quantumcubemodel/quantumcubemodel-doc.tex	/usr/local/texlive/2025/texmf-dist/doc/latex/quantumcubemodel/quantumcubemodel-doc.pdf	350
quiver	/usr/local/texlive/2025/texmf-dist/doc/latex/quiver/quiver-doc.tex	/usr/local/texlive/2025/texmf-dist/doc/latex/quiver/quiver-doc.pdf	160
quiz2socrative	/usr/local/texlive/2025/texmf-dist/doc/latex/quiz2socrative/sample-quiz2socrative-socrativeQuiz+standalone.tex	/usr/local/texlive/2025/texmf-dist/doc/latex/quiz2socrative/sample-quiz2socrative-socrativeQuiz+standalone.pdf	15
quizztex	/usr/local/texlive/2025/texmf-dist/doc/latex/quizztex/quizztex-doc-fr.tex	/usr/local/texlive/2025/texmf-dist/doc/latex/quizztex/quizztex-doc-fr.pdf	664
quotchap	/usr/local/texlive/2025/texmf-dist/doc/latex/quotchap/document.tex	/usr/local/texlive/2025/texmf-dist/doc/latex/quotchap/document.pdf	30
rainbowbrackets	/usr/local/texlive/2025/texmf-dist/doc/latex/rainbowbrackets/rainbowbrackets_doc.tex	/usr/local/texlive/2025/texmf-dist/doc/latex/rainbowbrackets/rainbowbrackets_doc.pdf	378
raleway	/usr/local/texlive/2025/texmf-dist/doc/latex/raleway/raleway-type1-specimen.tex	/usr/local/texlive/2025/texmf-dist/doc/latex/raleway/raleway-type1-specimen.pdf	43
randexam	/usr/local/texlive/2025/texmf-dist/doc/latex/randexam/randexam.tex	/usr/local/texlive/2025/texmf-dist/doc/latex/randexam/randexam.pdf	864
randintlist	/usr/local/texlive/2025/texmf-dist/doc/latex/randintlist/randintlist-doc.tex	/usr/local/texlive/2025/texmf-dist/doc/latex/randintlist/randintlist-doc.pdf	380
randintlist	/usr/local/texlive/2025/texmf-dist/doc/latex/randintlist/randintlist-l3-doc.tex	/usr/local/texlive/2025/texmf-dist/doc/latex/randintlist/randintlist-l3-doc.pdf	334
rank-2-roots	/usr/local/texlive/2025/texmf-dist/doc/latex/rank-2-roots/rank-2-roots.tex	/usr/local/texlive/2025/texmf-dist/doc/latex/rank-2-roots/rank-2-roots.pdf	1239
rbt-mathnotes	/usr/local/texlive/2025/texmf-dist/doc/latex/rbt-mathnotes/rbt-mathnotes.tex	/usr/local/texlive/2025/texmf-dist/doc/latex/rbt-mathnotes/rbt-mathnotes.pdf	475
readablecv	/usr/local/texlive/2025/texmf-dist/doc/latex/readablecv/ReadableCV.tex	/usr/local/texlive/2025/texmf-dist/doc/latex/readablecv/ReadableCV.pdf	190
rec-thy	/usr/local/texlive/2025/texmf-dist/doc/latex/rec-thy/rec-thy.tex	/usr/local/texlive/2025/texmf-dist/doc/latex/rec-thy/rec-thy.pdf	861
recipe	/usr/local/texlive/2025/texmf-dist/doc/latex/recipe/sample.tex	/usr/local/texlive/2025/texmf-dist/doc/latex/recipe/sample.pdf	59
recipebook	/usr/local/texlive/2025/texmf-dist/doc/latex/recipebook/LongSample.tex	/usr/local/texlive/2025/texmf-dist/doc/latex/recipebook/LongSample.pdf	338
rectopma	/usr/local/texlive/2025/texmf-dist/doc/latex/rectopma/TestTitle.tex	/usr/local/texlive/2025/texmf-dist/doc/latex/rectopma/TestTitle.pdf	37
refcheck	/usr/local/texlive/2025/texmf-dist/doc/latex/refcheck/refdemo.tex	/usr/local/texlive/2025/texmf-dist/doc/latex/refcheck/refdemo.pdf	241
refenums	/usr/local/texlive/2025/texmf-dist/doc/latex/refenums/demo.tex	/usr/local/texlive/2025/texmf-dist/doc/latex/refenums/demo.pdf	120
refman	/usr/local/texlive/2025/texmf-dist/doc/latex/refman/layout_e.tex	/usr/local/texlive/2025/texmf-dist/doc/latex/refman/layout_e.pdf	674
regstats	/usr/local/texlive/2025/texmf-dist/doc/latex/regstats/regstats-example.tex	/usr/local/texlive/2025/texmf-dist/doc/latex/regstats/regstats-example.pdf	209
regulatory	/usr/local/texlive/2025/texmf-dist/doc/latex/regulatory/example2-nl.tex	/usr/local/texlive/2025/texmf-dist/doc/latex/regulatory/example2-nl.pdf	49
reotex	/usr/local/texlive/2025/texmf-dist/doc/latex/reotex/reotex.tex	/usr/local/texlive/2025/texmf-dist/doc/latex/reotex/reotex.pdf	867
resolsysteme	/usr/local/texlive/2025/texmf-dist/doc/latex/resolsysteme/ResolSysteme-exemples.tex	/usr/local/texlive/2025/texmf-dist/doc/latex/resolsysteme/ResolSysteme-exemples.pdf	170
resphilosophica	/usr/local/texlive/2025/texmf-dist/doc/latex/resphilosophica/rpsample.tex	/usr/local/texlive/2025/texmf-dist/doc/latex/resphilosophica/rpsample.pdf	164
retosmatematicos	/usr/local/texlive/2025/texmf-dist/doc/latex/retosmatematicos/retopstricks-ejemplo.tex	/usr/local/texlive/2025/texmf-dist/doc/latex/retosmatematicos/retopstricks-ejemplo.pdf	23
revquantum	/usr/local/texlive/2025/texmf-dist/doc/latex/revquantum/example.tex	/usr/local/texlive/2025/texmf-dist/doc/latex/revquantum/example.pdf	51
ribbonproofs	/usr/local/texlive/2025/texmf-dist/doc/latex/ribbonproofs/ribbonproofsmanual.tex	/usr/local/texlive/2025/texmf-dist/doc/latex/ribbonproofs/ribbonproofsmanual.pdf	775
robustindex	/usr/local/texlive/2025/texmf-dist/doc/latex/robustindex/robustsample.tex	/usr/local/texlive/2025/texmf-dist/doc/latex/robustindex/robustsample.pdf	275
romanbar	/usr/local/texlive/2025/texmf-dist/doc/latex/romanbar/romanbar-example.tex	/usr/local/texlive/2025/texmf-dist/doc/latex/romanbar/romanbar-example.pdf	113
rouequestions	/usr/local/texlive/2025/texmf-dist/doc/latex/rouequestions/RoueQuestionsDoc.tex	/usr/local/texlive/2025/texmf-dist/doc/latex/rouequestions/RoueQuestionsDoc.pdf	268
rpgicons	/usr/local/texlive/2025/texmf-dist/doc/latex/rpgicons/rpgicons-doc.tex	/usr/local/texlive/2025/texmf-dist/doc/latex/rpgicons/rpgicons-doc.pdf	989
rterface	/usr/local/texlive/2025/texmf-dist/doc/latex/rterface/rterface.tex	/usr/local/texlive/2025/texmf-dist/doc/latex/rterface/rterface.pdf	145
rub-kunstgeschichte	/usr/local/texlive/2025/texmf-dist/doc/latex/rub-kunstgeschichte/rub-kunstgeschichte-example.tex	/usr/local/texlive/2025/texmf-dist/doc/latex/rub-kunstgeschichte/rub-kunstgeschichte-example.pdf	184
rubik	/usr/local/texlive/2025/texmf-dist/doc/latex/rubik/rubikexamples.tex	/usr/local/texlive/2025/texmf-dist/doc/latex/rubik/rubikexamples.pdf	1997
runcode	/usr/local/texlive/2025/texmf-dist/doc/latex/runcode/runcode_troubleshoot.tex	/usr/local/texlive/2025/texmf-dist/doc/latex/runcode/runcode_troubleshoot.pdf	309
russ	/usr/local/texlive/2025/texmf-dist/doc/latex/russ/russ_doc.tex	/usr/local/texlive/2025/texmf-dist/doc/latex/russ/russ_doc.pdf	887
ryethesis	/usr/local/texlive/2025/texmf-dist/doc/latex/ryethesis/ryesample.tex	/usr/local/texlive/2025/texmf-dist/doc/latex/ryethesis/ryesample.pdf	274
sacsymb	/usr/local/texlive/2025/texmf-dist/doc/latex/sacsymb/sacsymb-doc.tex	/usr/local/texlive/2025/texmf-dist/doc/latex/sacsymb/sacsymb-doc.pdf	68
sageep	/usr/local/texlive/2025/texmf-dist/doc/latex/sageep/sample.tex	/usr/local/texlive/2025/texmf-dist/doc/latex/sageep/sample.pdf	65
scalebar	/usr/local/texlive/2025/texmf-dist/doc/latex/scalebar/scalebar_examples.tex	/usr/local/texlive/2025/texmf-dist/doc/latex/scalebar/scalebar_examples.pdf	165
scaletextbullet	/usr/local/texlive/2025/texmf-dist/doc/latex/scaletextbullet/scaletextbullet-code.tex	/usr/local/texlive/2025/texmf-dist/doc/latex/scaletextbullet/scaletextbullet-code.pdf	44
scanpages	/usr/local/texlive/2025/texmf-dist/doc/latex/scanpages/scanpages-doc.tex	/usr/local/texlive/2025/texmf-dist/doc/latex/scanpages/scanpages-doc.pdf	195
schemabloc	/usr/local/texlive/2025/texmf-dist/doc/latex/schemabloc/schemabloc.tex	/usr/local/texlive/2025/texmf-dist/doc/latex/schemabloc/schemabloc.pdf	1138
schooldocs	/usr/local/texlive/2025/texmf-dist/doc/latex/schooldocs/schooldocs-examples.tex	/usr/local/texlive/2025/texmf-dist/doc/latex/schooldocs/schooldocs-examples.pdf	327
screenplay	/usr/local/texlive/2025/texmf-dist/doc/latex/screenplay/test.tex	/usr/local/texlive/2025/texmf-dist/doc/latex/screenplay/test.pdf	100
screenplay-pkg	/usr/local/texlive/2025/texmf-dist/doc/latex/screenplay-pkg/screenplay-pkg.tex	/usr/local/texlive/2025/texmf-dist/doc/latex/screenplay-pkg/screenplay-pkg.pdf	123
sdrt	/usr/local/texlive/2025/texmf-dist/doc/latex/sdrt/sdrt-doc.tex	/usr/local/texlive/2025/texmf-dist/doc/latex/sdrt/sdrt-doc.pdf	616
sduthesis	/usr/local/texlive/2025/texmf-dist/doc/latex/sduthesis/sduthesis-demo.tex	/usr/local/texlive/2025/texmf-dist/doc/latex/sduthesis/sduthesis-demo.pdf	373
semantex	/usr/local/texlive/2025/texmf-dist/doc/latex/semantex/semantex.tex	/usr/local/texlive/2025/texmf-dist/doc/latex/semantex/semantex.pdf	6127
seminar	/usr/local/texlive/2025/texmf-dist/doc/latex/seminar/semsamp2.tex	/usr/local/texlive/2025/texmf-dist/doc/latex/seminar/semsamp2.pdf	297
semtex	/usr/local/texlive/2025/texmf-dist/doc/latex/semtex/semtex.tex	/usr/local/texlive/2025/texmf-dist/doc/latex/semtex/semtex.pdf	175
sepfootnotes	/usr/local/texlive/2025/texmf-dist/doc/latex/sepfootnotes/sepfootnotes.tex	/usr/local/texlive/2025/texmf-dist/doc/latex/sepfootnotes/sepfootnotes.pdf	404
serbian-apostrophe	/usr/local/texlive/2025/texmf-dist/doc/latex/serbian-apostrophe/serbian-apostrophe.tex	/usr/local/texlive/2025/texmf-dist/doc/latex/serbian-apostrophe/serbian-apostrophe.pdf	171
serbian-date-lat	/usr/local/texlive/2025/texmf-dist/doc/latex/serbian-date-lat/SerbianDateLat.tex	/usr/local/texlive/2025/texmf-dist/doc/latex/serbian-date-lat/SerbianDateLat.pdf	148
serbian-def-cyr	/usr/local/texlive/2025/texmf-dist/doc/latex/serbian-def-cyr/proba.tex	/usr/local/texlive/2025/texmf-dist/doc/latex/serbian-def-cyr/proba.pdf	134
serbian-lig	/usr/local/texlive/2025/texmf-dist/doc/latex/serbian-lig/serbian-lig.tex	/usr/local/texlive/2025/texmf-dist/doc/latex/serbian-lig/serbian-lig.pdf	72
setdeck	/usr/local/texlive/2025/texmf-dist/doc/latex/setdeck/setdeck.tex	/usr/local/texlive/2025/texmf-dist/doc/latex/setdeck/setdeck.pdf	76
seu-ml-assign	/usr/local/texlive/2025/texmf-dist/doc/latex/seu-ml-assign/seu-ml-assign-doc.tex	/usr/local/texlive/2025/texmf-dist/doc/latex/seu-ml-assign/seu-ml-assign-doc.pdf	347
sfee	/usr/local/texlive/2025/texmf-dist/doc/latex/sfee/SFEE_author.tex	/usr/local/texlive/2025/texmf-dist/doc/latex/sfee/SFEE_author.pdf	101
shadethm	/usr/local/texlive/2025/texmf-dist/doc/latex/shadethm/shadetest.tex	/usr/local/texlive/2025/texmf-dist/doc/latex/shadethm/shadetest.pdf	177
shipunov	/usr/local/texlive/2025/texmf-dist/doc/latex/shipunov/review.tex	/usr/local/texlive/2025/texmf-dist/doc/latex/shipunov/review.pdf	102
shipunov	/usr/local/texlive/2025/texmf-dist/doc/latex/shipunov/starfn-ex-ru.tex	/usr/local/texlive/2025/texmf-dist/doc/latex/shipunov/starfn-ex-ru.pdf	39
short-math-guide	/usr/local/texlive/2025/texmf-dist/doc/latex/short-math-guide/short-math-guide.tex	/usr/local/texlive/2025/texmf-dist/doc/latex/short-math-guide/short-math-guide.pdf	2513
shortmathj	/usr/local/texlive/2025/texmf-dist/doc/latex/shortmathj/shortmathj-biblatex-mwe.tex	/usr/local/texlive/2025/texmf-dist/doc/latex/shortmathj/shortmathj-biblatex-mwe.pdf	28
showexpl	/usr/local/texlive/2025/texmf-dist/doc/latex/showexpl/showexpl-test.tex	/usr/local/texlive/2025/texmf-dist/doc/latex/showexpl/showexpl-test.pdf	287
shtthesis	/usr/local/texlive/2025/texmf-dist/doc/latex/shtthesis/shtthesis-user-guide.tex	/usr/local/texlive/2025/texmf-dist/doc/latex/shtthesis/shtthesis-user-guide.pdf	872
sidenotes	/usr/local/texlive/2025/texmf-dist/doc/latex/sidenotes/caesar_example.tex	/usr/local/texlive/2025/texmf-dist/doc/latex/sidenotes/caesar_example.pdf	131
sidenotesplus	/usr/local/texlive/2025/texmf-dist/doc/latex/sidenotesplus/tests-sidenoteplus.tex	/usr/local/texlive/2025/texmf-dist/doc/latex/sidenotesplus/tests-sidenoteplus.pdf	403
sides	/usr/local/texlive/2025/texmf-dist/doc/latex/sides/sides-sample.tex	/usr/local/texlive/2025/texmf-dist/doc/latex/sides/sides-sample.pdf	76
sillypage	/usr/local/texlive/2025/texmf-dist/doc/latex/sillypage/sillypage-example.tex	/usr/local/texlive/2025/texmf-dist/doc/latex/sillypage/sillypage-example.pdf	9
simplebnf	/usr/local/texlive/2025/texmf-dist/doc/latex/simplebnf/simplebnf-doc.tex	/usr/local/texlive/2025/texmf-dist/doc/latex/simplebnf/simplebnf-doc.pdf	617
simplecd	/usr/local/texlive/2025/texmf-dist/doc/latex/simplecd/examples.tex	/usr/local/texlive/2025/texmf-dist/doc/latex/simplecd/examples.pdf	61
simplecv	/usr/local/texlive/2025/texmf-dist/doc/latex/simplecv/testcv.tex	/usr/local/texlive/2025/texmf-dist/doc/latex/simplecv/testcv.pdf	45
simpleoptics	/usr/local/texlive/2025/texmf-dist/doc/latex/simpleoptics/simpleoptics.tex	/usr/local/texlive/2025/texmf-dist/doc/latex/simpleoptics/simpleoptics.pdf	473
simples-matrices	/usr/local/texlive/2025/texmf-dist/doc/latex/simples-matrices/simples-matrices-fra.tex	/usr/local/texlive/2025/texmf-dist/doc/latex/simples-matrices/simples-matrices-fra.pdf	586
skeldoc	/usr/local/texlive/2025/texmf-dist/doc/latex/skeldoc/skeldoc.tex	/usr/local/texlive/2025/texmf-dist/doc/latex/skeldoc/skeldoc.pdf	236
skills	/usr/local/texlive/2025/texmf-dist/doc/latex/skills/skillsdoc.tex	/usr/local/texlive/2025/texmf-dist/doc/latex/skills/skillsdoc.pdf	733
smartunits	/usr/local/texlive/2025/texmf-dist/doc/latex/smartunits/smartunits.tex	/usr/local/texlive/2025/texmf-dist/doc/latex/smartunits/smartunits.pdf	427
soulpos	/usr/local/texlive/2025/texmf-dist/doc/latex/soulpos/soulpos.tex	/usr/local/texlive/2025/texmf-dist/doc/latex/soulpos/soulpos.pdf	371
sparklines	/usr/local/texlive/2025/texmf-dist/doc/latex/sparklines/sparklines.tex	/usr/local/texlive/2025/texmf-dist/doc/latex/sparklines/sparklines.pdf	333
spath3	/usr/local/texlive/2025/texmf-dist/doc/latex/spath3/knots.tex	/usr/local/texlive/2025/texmf-dist/doc/latex/spath3/knots.pdf	730
spie	/usr/local/texlive/2025/texmf-dist/doc/latex/spie/article.tex	/usr/local/texlive/2025/texmf-dist/doc/latex/spie/article.pdf	296
spotcolor	/usr/local/texlive/2025/texmf-dist/doc/latex/spotcolor/readme.tex	/usr/local/texlive/2025/texmf-dist/doc/latex/spotcolor/readme.pdf	89
srbook-mem	/usr/local/texlive/2025/texmf-dist/doc/latex/srbook-mem/TestLight.tex	/usr/local/texlive/2025/texmf-dist/doc/latex/srbook-mem/TestLight.pdf	36
srdp-mathematik	/usr/local/texlive/2025/texmf-dist/doc/latex/srdp-mathematik/srdp-mathematik.tex	/usr/local/texlive/2025/texmf-dist/doc/latex/srdp-mathematik/srdp-mathematik.pdf	1293
sshrc-insight	/usr/local/texlive/2025/texmf-dist/doc/latex/sshrc-insight/insight_proposal.tex	/usr/local/texlive/2025/texmf-dist/doc/latex/sshrc-insight/insight_proposal.pdf	104
sslides	/usr/local/texlive/2025/texmf-dist/doc/latex/sslides/port-sample-slide.tex	/usr/local/texlive/2025/texmf-dist/doc/latex/sslides/port-sample-slide.pdf	210
stackengine	/usr/local/texlive/2025/texmf-dist/doc/latex/stackengine/stackengine.tex	/usr/local/texlive/2025/texmf-dist/doc/latex/stackengine/stackengine.pdf	1515
stage	/usr/local/texlive/2025/texmf-dist/doc/latex/stage/stage-documentation.tex	/usr/local/texlive/2025/texmf-dist/doc/latex/stage/stage-documentation.pdf	187
statex	/usr/local/texlive/2025/texmf-dist/doc/latex/statex/statex-example.tex	/usr/local/texlive/2025/texmf-dist/doc/latex/statex/statex-example.pdf	212
statex2	/usr/local/texlive/2025/texmf-dist/doc/latex/statex2/statex2-example.tex	/usr/local/texlive/2025/texmf-dist/doc/latex/statex2/statex2-example.pdf	232
stocksize	/usr/local/texlive/2025/texmf-dist/doc/latex/stocksize/stocksize-doc.tex	/usr/local/texlive/2025/texmf-dist/doc/latex/stocksize/stocksize-doc.pdf	192
structmech	/usr/local/texlive/2025/texmf-dist/doc/latex/structmech/structmech.tex	/usr/local/texlive/2025/texmf-dist/doc/latex/structmech/structmech.pdf	535
stubs	/usr/local/texlive/2025/texmf-dist/doc/latex/stubs/stubs_ex.tex	/usr/local/texlive/2025/texmf-dist/doc/latex/stubs/stubs_ex.pdf	11
studenthandouts	/usr/local/texlive/2025/texmf-dist/doc/latex/studenthandouts/studenthandouts-doc.tex	/usr/local/texlive/2025/texmf-dist/doc/latex/studenthandouts/studenthandouts-doc.pdf	614
suanpan-l3	/usr/local/texlive/2025/texmf-dist/doc/latex/suanpan-l3/suanpan-l3.tex	/usr/local/texlive/2025/texmf-dist/doc/latex/suanpan-l3/suanpan-l3.pdf	1530
subeqn	/usr/local/texlive/2025/texmf-dist/doc/latex/subeqn/subeqn-sample.tex	/usr/local/texlive/2025/texmf-dist/doc/latex/subeqn/subeqn-sample.pdf	88
subeqnarray	/usr/local/texlive/2025/texmf-dist/doc/latex/subeqnarray/subeqnarray-sample.tex	/usr/local/texlive/2025/texmf-dist/doc/latex/subeqnarray/subeqnarray-sample.pdf	79
subsupscripts	/usr/local/texlive/2025/texmf-dist/doc/latex/subsupscripts/SubSupScripts.tex	/usr/local/texlive/2025/texmf-dist/doc/latex/subsupscripts/SubSupScripts.pdf	215
sugconf	/usr/local/texlive/2025/texmf-dist/doc/latex/sugconf/sugconf-skeleton.tex	/usr/local/texlive/2025/texmf-dist/doc/latex/sugconf/sugconf-skeleton.pdf	23
sunpath	/usr/local/texlive/2025/texmf-dist/doc/latex/sunpath/sunpath.spherical.tex	/usr/local/texlive/2025/texmf-dist/doc/latex/sunpath/sunpath.spherical.pdf	36
superiors	/usr/local/texlive/2025/texmf-dist/doc/latex/superiors/superiors-doc.tex	/usr/local/texlive/2025/texmf-dist/doc/latex/superiors/superiors-doc.pdf	285
suppose	/usr/local/texlive/2025/texmf-dist/doc/latex/suppose/suppose-doc.tex	/usr/local/texlive/2025/texmf-dist/doc/latex/suppose/suppose-doc.pdf	53
svg-inkscape	/usr/local/texlive/2025/texmf-dist/doc/latex/svg-inkscape/InkscapePDFLaTeX.tex	/usr/local/texlive/2025/texmf-dist/doc/latex/svg-inkscape/InkscapePDFLaTeX.pdf	242
switch	/usr/local/texlive/2025/texmf-dist/doc/latex/switch/switch.tex	/usr/local/texlive/2025/texmf-dist/doc/latex/switch/switch.pdf	268
swungdash	/usr/local/texlive/2025/texmf-dist/doc/latex/swungdash/swungdash-documentation.tex	/usr/local/texlive/2025/texmf-dist/doc/latex/swungdash/swungdash-documentation.pdf	120
syllogism	/usr/local/texlive/2025/texmf-dist/doc/latex/syllogism/Examples.tex	/usr/local/texlive/2025/texmf-dist/doc/latex/syllogism/Examples.pdf	48
synproof	/usr/local/texlive/2025/texmf-dist/doc/latex/synproof/synproof-doc.tex	/usr/local/texlive/2025/texmf-dist/doc/latex/synproof/synproof-doc.pdf	250
synthslant	/usr/local/texlive/2025/texmf-dist/doc/latex/synthslant/synthslant-gauge.tex	/usr/local/texlive/2025/texmf-dist/doc/latex/synthslant/synthslant-gauge.pdf	573
t-angles	/usr/local/texlive/2025/texmf-dist/doc/latex/t-angles/t-manual.tex	/usr/local/texlive/2025/texmf-dist/doc/latex/t-angles/t-manual.pdf	723
tablefootnote	/usr/local/texlive/2025/texmf-dist/doc/latex/tablefootnote/tablefootnote-example.tex	/usr/local/texlive/2025/texmf-dist/doc/latex/tablefootnote/tablefootnote-example.pdf	231
tablericons	/usr/local/texlive/2025/texmf-dist/doc/latex/tablericons/tablericons-doc.tex	/usr/local/texlive/2025/texmf-dist/doc/latex/tablericons/tablericons-doc.pdf	163
tablists	/usr/local/texlive/2025/texmf-dist/doc/latex/tablists/tablists-rus.tex	/usr/local/texlive/2025/texmf-dist/doc/latex/tablists/tablists-rus.pdf	705
tabstackengine	/usr/local/texlive/2025/texmf-dist/doc/latex/tabstackengine/tabstackengine.tex	/usr/local/texlive/2025/texmf-dist/doc/latex/tabstackengine/tabstackengine.pdf	818
tabular2	/usr/local/texlive/2025/texmf-dist/doc/latex/tabular2/tabular2-sample.tex	/usr/local/texlive/2025/texmf-dist/doc/latex/tabular2/tabular2-sample.pdf	349
tabularray-abnt	/usr/local/texlive/2025/texmf-dist/doc/latex/tabularray-abnt/tabularray-abnt-pt-br.tex	/usr/local/texlive/2025/texmf-dist/doc/latex/tabularray-abnt/tabularray-abnt-pt-br.pdf	379
tagpair	/usr/local/texlive/2025/texmf-dist/doc/latex/tagpair/tagpair.tex	/usr/local/texlive/2025/texmf-dist/doc/latex/tagpair/tagpair.pdf	109
tagpdf	/usr/local/texlive/2025/texmf-dist/doc/latex/tagpdf/tagpdf.tex	/usr/local/texlive/2025/texmf-dist/doc/latex/tagpdf/tagpdf.pdf	3308
talk	/usr/local/texlive/2025/texmf-dist/doc/latex/talk/simple-example.tex	/usr/local/texlive/2025/texmf-dist/doc/latex/talk/simple-example.pdf	47
talk	/usr/local/texlive/2025/texmf-dist/doc/latex/talk/talkdoc.tex	/usr/local/texlive/2025/texmf-dist/doc/latex/talk/talkdoc.pdf	836
tblr-extras	/usr/local/texlive/2025/texmf-dist/doc/latex/tblr-extras/test-tblr-extras.tex	/usr/local/texlive/2025/texmf-dist/doc/latex/tblr-extras/test-tblr-extras.pdf	23
tdclock	/usr/local/texlive/2025/texmf-dist/doc/latex/tdclock/tdclock-beamer-example.tex	/usr/local/texlive/2025/texmf-dist/doc/latex/tdclock/tdclock-beamer-example.pdf	188
tensind	/usr/local/texlive/2025/texmf-dist/doc/latex/tensind/tensind.tex	/usr/local/texlive/2025/texmf-dist/doc/latex/tensind/tensind.pdf	211
tensormatrix	/usr/local/texlive/2025/texmf-dist/doc/latex/tensormatrix/tensormatrix.tex	/usr/local/texlive/2025/texmf-dist/doc/latex/tensormatrix/tensormatrix.pdf	169
testidx	/usr/local/texlive/2025/texmf-dist/doc/latex/testidx/testidx-manual.tex	/usr/local/texlive/2025/texmf-dist/doc/latex/testidx/testidx-manual.pdf	1306
teubner	/usr/local/texlive/2025/texmf-dist/doc/latex/teubner/teubner-doc.tex	/usr/local/texlive/2025/texmf-dist/doc/latex/teubner/teubner-doc.pdf	1034
tex-label	/usr/local/texlive/2025/texmf-dist/doc/latex/tex-label/tex-label-demo.tex	/usr/local/texlive/2025/texmf-dist/doc/latex/tex-label/tex-label-demo.pdf	27
texpower	/usr/local/texlive/2025/texmf-dist/doc/latex/texpower/manual.tex	/usr/local/texlive/2025/texmf-dist/doc/latex/texpower/manual.pdf	2250
thematicpuzzle	/usr/local/texlive/2025/texmf-dist/doc/latex/thematicpuzzle/thematicpuzzle-doc-en.tex	/usr/local/texlive/2025/texmf-dist/doc/latex/thematicpuzzle/thematicpuzzle-doc-en.pdf	242
thematicpuzzle	/usr/local/texlive/2025/texmf-dist/doc/latex/thematicpuzzle/thematicpuzzle-doc-fr.tex	/usr/local/texlive/2025/texmf-dist/doc/latex/thematicpuzzle/thematicpuzzle-doc-fr.pdf	309
thinsp	/usr/local/texlive/2025/texmf-dist/doc/latex/thinsp/thinsp.tex	/usr/local/texlive/2025/texmf-dist/doc/latex/thinsp/thinsp.pdf	174
thuaslogos	/usr/local/texlive/2025/texmf-dist/doc/latex/thuaslogos/thuaslogos-doc-english.tex	/usr/local/texlive/2025/texmf-dist/doc/latex/thuaslogos/thuaslogos-doc-english.pdf	1016
thubeamer	/usr/local/texlive/2025/texmf-dist/doc/latex/thubeamer/thubeamer-example.tex	/usr/local/texlive/2025/texmf-dist/doc/latex/thubeamer/thubeamer-example.pdf	252
thucoursework	/usr/local/texlive/2025/texmf-dist/doc/latex/thucoursework/iihw.tex	/usr/local/texlive/2025/texmf-dist/doc/latex/thucoursework/iihw.pdf	161
thumbs	/usr/local/texlive/2025/texmf-dist/doc/latex/thumbs/thumbs-example.tex	/usr/local/texlive/2025/texmf-dist/doc/latex/thumbs/thumbs-example.pdf	475
ticket	/usr/local/texlive/2025/texmf-dist/doc/latex/ticket/ex_flashcard_rm.tex	/usr/local/texlive/2025/texmf-dist/doc/latex/ticket/ex_flashcard_rm.pdf	76
ticket	/usr/local/texlive/2025/texmf-dist/doc/latex/ticket/manual.tex	/usr/local/texlive/2025/texmf-dist/doc/latex/ticket/manual.pdf	493
ticollege	/usr/local/texlive/2025/texmf-dist/doc/latex/ticollege/ticollege-doc.tex	/usr/local/texlive/2025/texmf-dist/doc/latex/ticollege/ticollege-doc.pdf	675
tidyres	/usr/local/texlive/2025/texmf-dist/doc/latex/tidyres/tidyres-doc.tex	/usr/local/texlive/2025/texmf-dist/doc/latex/tidyres/tidyres-doc.pdf	199
tikz-bagua	/usr/local/texlive/2025/texmf-dist/doc/latex/tikz-bagua/tikz-bagua-en.tex	/usr/local/texlive/2025/texmf-dist/doc/latex/tikz-bagua/tikz-bagua-en.pdf	116
tikz-bpmn	/usr/local/texlive/2025/texmf-dist/doc/latex/tikz-bpmn/tikz-bpmn-doc.tex	/usr/local/texlive/2025/texmf-dist/doc/latex/tikz-bpmn/tikz-bpmn-doc.pdf	332
tikz-cd	/usr/local/texlive/2025/texmf-dist/doc/latex/tikz-cd/tikz-cd-doc.tex	/usr/local/texlive/2025/texmf-dist/doc/latex/tikz-cd/tikz-cd-doc.pdf	1446
tikz-decofonts	/usr/local/texlive/2025/texmf-dist/doc/latex/tikz-decofonts/tkzbrushA.tex	/usr/local/texlive/2025/texmf-dist/doc/latex/tikz-decofonts/tkzbrushA.pdf	10
tikz-dependency	/usr/local/texlive/2025/texmf-dist/doc/latex/tikz-dependency/tikz-dependency-doc.tex	/usr/local/texlive/2025/texmf-dist/doc/latex/tikz-dependency/tikz-dependency-doc.pdf	1684
tikz-inet	/usr/local/texlive/2025/texmf-dist/doc/latex/tikz-inet/tikz-inet-doc.tex	/usr/local/texlive/2025/texmf-dist/doc/latex/tikz-inet/tikz-inet-doc.pdf	343
tikz-kalender	/usr/local/texlive/2025/texmf-dist/doc/latex/tikz-kalender/tikz-kalender-example2.tex	/usr/local/texlive/2025/texmf-dist/doc/latex/tikz-kalender/tikz-kalender-example2.pdf	36
tikz-lake-fig	/usr/local/texlive/2025/texmf-dist/doc/latex/tikz-lake-fig/tikz-lake-fig-doc.tex	/usr/local/texlive/2025/texmf-dist/doc/latex/tikz-lake-fig/tikz-lake-fig-doc.pdf	157
tikz-mirror-lens	/usr/local/texlive/2025/texmf-dist/doc/latex/tikz-mirror-lens/tikz-mirror-lens.tex	/usr/local/texlive/2025/texmf-dist/doc/latex/tikz-mirror-lens/tikz-mirror-lens.pdf	587
tikz-nef	/usr/local/texlive/2025/texmf-dist/doc/latex/tikz-nef/tikz-nef-doc.tex	/usr/local/texlive/2025/texmf-dist/doc/latex/tikz-nef/tikz-nef-doc.pdf	133
tikz-nfold	/usr/local/texlive/2025/texmf-dist/doc/latex/tikz-nfold/tikz-nfold-doc.tex	/usr/local/texlive/2025/texmf-dist/doc/latex/tikz-nfold/tikz-nfold-doc.pdf	592
tikz-planets	/usr/local/texlive/2025/texmf-dist/doc/latex/tikz-planets/planets-doc.tex	/usr/local/texlive/2025/texmf-dist/doc/latex/tikz-planets/planets-doc.pdf	365
tikz-relay	/usr/local/texlive/2025/texmf-dist/doc/latex/tikz-relay/BeamerAnimation.tex	/usr/local/texlive/2025/texmf-dist/doc/latex/tikz-relay/BeamerAnimation.pdf	145
tikz-sfc	/usr/local/texlive/2025/texmf-dist/doc/latex/tikz-sfc/BeamerAnimation.tex	/usr/local/texlive/2025/texmf-dist/doc/latex/tikz-sfc/BeamerAnimation.pdf	89
tikz-shields	/usr/local/texlive/2025/texmf-dist/doc/latex/tikz-shields/tikz-shields-doc.tex	/usr/local/texlive/2025/texmf-dist/doc/latex/tikz-shields/tikz-shields-doc.pdf	60
tikz-swigs	/usr/local/texlive/2025/texmf-dist/doc/latex/tikz-swigs/tikz-swigs.tex	/usr/local/texlive/2025/texmf-dist/doc/latex/tikz-swigs/tikz-swigs.pdf	391
tikz-trackschematic	/usr/local/texlive/2025/texmf-dist/doc/latex/tikz-trackschematic/tikz-trackschematic-symbology-table.tex	/usr/local/texlive/2025/texmf-dist/doc/latex/tikz-trackschematic/tikz-trackschematic-symbology-table.pdf	11
tikz-triminos	/usr/local/texlive/2025/texmf-dist/doc/latex/tikz-triminos/tikz-triminos-doc.tex	/usr/local/texlive/2025/texmf-dist/doc/latex/tikz-triminos/tikz-triminos-doc.pdf	368
tikz2d-fr	/usr/local/texlive/2025/texmf-dist/doc/latex/tikz2d-fr/tikz2d-fr-doc.tex	/usr/local/texlive/2025/texmf-dist/doc/latex/tikz2d-fr/tikz2d-fr-doc.pdf	735
tikzbrickfigurines	/usr/local/texlive/2025/texmf-dist/doc/latex/tikzbrickfigurines/tikzbrickfigurines-doc.tex	/usr/local/texlive/2025/texmf-dist/doc/latex/tikzbrickfigurines/tikzbrickfigurines-doc.pdf	666
tikzbricks	/usr/local/texlive/2025/texmf-dist/doc/latex/tikzbricks/tikzbricks-doc.tex	/usr/local/texlive/2025/texmf-dist/doc/latex/tikzbricks/tikzbricks-doc.pdf	299
tikzcalendarnotes	/usr/local/texlive/2025/texmf-dist/doc/latex/tikzcalendarnotes/tikzcalendarnotes.tex	/usr/local/texlive/2025/texmf-dist/doc/latex/tikzcalendarnotes/tikzcalendarnotes.pdf	773
tikzcodeblocks	/usr/local/texlive/2025/texmf-dist/doc/latex/tikzcodeblocks/tikzcodeblocks-documentation.tex	/usr/local/texlive/2025/texmf-dist/doc/latex/tikzcodeblocks/tikzcodeblocks-documentation.pdf	755
tikzducks	/usr/local/texlive/2025/texmf-dist/doc/latex/tikzducks/tikzducks-doc.tex	/usr/local/texlive/2025/texmf-dist/doc/latex/tikzducks/tikzducks-doc.pdf	1183
tikzlings	/usr/local/texlive/2025/texmf-dist/doc/latex/tikzlings/tikzlings-doc.tex	/usr/local/texlive/2025/texmf-dist/doc/latex/tikzlings/tikzlings-doc.pdf	744
tikzmarmots	/usr/local/texlive/2025/texmf-dist/doc/latex/tikzmarmots/tikzmarmots-doc.tex	/usr/local/texlive/2025/texmf-dist/doc/latex/tikzmarmots/tikzmarmots-doc.pdf	245
tikzpackets	/usr/local/texlive/2025/texmf-dist/doc/latex/tikzpackets/tikzPackets.tex	/usr/local/texlive/2025/texmf-dist/doc/latex/tikzpackets/tikzPackets.pdf	170
tikzpeople	/usr/local/texlive/2025/texmf-dist/doc/latex/tikzpeople/tikzpeople.tex	/usr/local/texlive/2025/texmf-dist/doc/latex/tikzpeople/tikzpeople.pdf	429
timeop	/usr/local/texlive/2025/texmf-dist/doc/latex/timeop/timeop-doc.tex	/usr/local/texlive/2025/texmf-dist/doc/latex/timeop/timeop-doc.pdf	376
timing-diagrams	/usr/local/texlive/2025/texmf-dist/doc/latex/timing-diagrams/diagrams-examples.tex	/usr/local/texlive/2025/texmf-dist/doc/latex/timing-diagrams/diagrams-examples.pdf	412
tipauni	/usr/local/texlive/2025/texmf-dist/doc/latex/tipauni/tipauni-example.tex	/usr/local/texlive/2025/texmf-dist/doc/latex/tipauni/tipauni-example.pdf	411
tiscreen	/usr/local/texlive/2025/texmf-dist/doc/latex/tiscreen/tiscreen-doc.tex	/usr/local/texlive/2025/texmf-dist/doc/latex/tiscreen/tiscreen-doc.pdf	279
titlecaps	/usr/local/texlive/2025/texmf-dist/doc/latex/titlecaps/titlecaps.tex	/usr/local/texlive/2025/texmf-dist/doc/latex/titlecaps/titlecaps.pdf	413
titlepages	/usr/local/texlive/2025/texmf-dist/doc/latex/titlepages/titlepages.tex	/usr/local/texlive/2025/texmf-dist/doc/latex/titlepages/titlepages.pdf	3357
titlepic	/usr/local/texlive/2025/texmf-dist/doc/latex/titlepic/titlepic-manual.tex	/usr/local/texlive/2025/texmf-dist/doc/latex/titlepic/titlepic-manual.pdf	119
titlesec	/usr/local/texlive/2025/texmf-dist/doc/latex/titlesec/titleps.tex	/usr/local/texlive/2025/texmf-dist/doc/latex/titlesec/titleps.pdf	835
titlesec	/usr/local/texlive/2025/texmf-dist/doc/latex/titlesec/titlesec.tex	/usr/local/texlive/2025/texmf-dist/doc/latex/titlesec/titlesec.pdf	2160
tkz-bernoulli	/usr/local/texlive/2025/texmf-dist/doc/latex/tkz-bernoulli/tkz-bernoulli-doc.tex	/usr/local/texlive/2025/texmf-dist/doc/latex/tkz-bernoulli/tkz-bernoulli-doc.pdf	469
tkz-doc	/usr/local/texlive/2025/texmf-dist/doc/latex/tkz-doc/tkz-doc.tex	/usr/local/texlive/2025/texmf-dist/doc/latex/tkz-doc/tkz-doc.pdf	133
tkz-graph	/usr/local/texlive/2025/texmf-dist/doc/latex/tkz-graph/test-graph.tex	/usr/local/texlive/2025/texmf-dist/doc/latex/tkz-graph/test-graph.pdf	11
tkz-grapheur	/usr/local/texlive/2025/texmf-dist/doc/latex/tkz-grapheur/tkz-grapheur-examples-integrals.tex	/usr/local/texlive/2025/texmf-dist/doc/latex/tkz-grapheur/tkz-grapheur-examples-integrals.pdf	250
tkz-interval	/usr/local/texlive/2025/texmf-dist/doc/latex/tkz-interval/tkz-interval-doc.tex	/usr/local/texlive/2025/texmf-dist/doc/latex/tkz-interval/tkz-interval-doc.pdf	316
tokenizer	/usr/local/texlive/2025/texmf-dist/doc/latex/tokenizer/tokenizer.tex	/usr/local/texlive/2025/texmf-dist/doc/latex/tokenizer/tokenizer.pdf	109
topfloat	/usr/local/texlive/2025/texmf-dist/doc/latex/topfloat/topfloat.tex	/usr/local/texlive/2025/texmf-dist/doc/latex/topfloat/topfloat.pdf	203
topletter	/usr/local/texlive/2025/texmf-dist/doc/latex/topletter/ExampleLetter.tex	/usr/local/texlive/2025/texmf-dist/doc/latex/topletter/ExampleLetter.pdf	49
toptesi	/usr/local/texlive/2025/texmf-dist/doc/latex/toptesi/FrontespizioScudo.tex	/usr/local/texlive/2025/texmf-dist/doc/latex/toptesi/FrontespizioScudo.pdf	111
toptesi	/usr/local/texlive/2025/texmf-dist/doc/latex/toptesi/toptesi-example-magistrale.tex	/usr/local/texlive/2025/texmf-dist/doc/latex/toptesi/toptesi-example-magistrale.pdf	415
tqft	/usr/local/texlive/2025/texmf-dist/doc/latex/tqft/tqft.tex	/usr/local/texlive/2025/texmf-dist/doc/latex/tqft/tqft.pdf	1000
tram	/usr/local/texlive/2025/texmf-dist/doc/latex/tram/tram-doc.tex	/usr/local/texlive/2025/texmf-dist/doc/latex/tram/tram-doc.pdf	31
tramlines	/usr/local/texlive/2025/texmf-dist/doc/latex/tramlines/tramlines-documentation.tex	/usr/local/texlive/2025/texmf-dist/doc/latex/tramlines/tramlines-documentation.pdf	147
treesvr	/usr/local/texlive/2025/texmf-dist/doc/latex/treesvr/treedoc.tex	/usr/local/texlive/2025/texmf-dist/doc/latex/treesvr/treedoc.pdf	66
trivialpursuit	/usr/local/texlive/2025/texmf-dist/doc/latex/trivialpursuit/TrivialPursuit-doc-fr.tex	/usr/local/texlive/2025/texmf-dist/doc/latex/trivialpursuit/TrivialPursuit-doc-fr.pdf	374
tucv	/usr/local/texlive/2025/texmf-dist/doc/latex/tucv/tucv_ex.tex	/usr/local/texlive/2025/texmf-dist/doc/latex/tucv/tucv_ex.pdf	94
tufte-latex	/usr/local/texlive/2025/texmf-dist/doc/latex/tufte-latex/sample-book.tex	/usr/local/texlive/2025/texmf-dist/doc/latex/tufte-latex/sample-book.pdf	1178
turnstile	/usr/local/texlive/2025/texmf-dist/doc/latex/turnstile/turnstile_article.tex	/usr/local/texlive/2025/texmf-dist/doc/latex/turnstile/turnstile_article.pdf	258
turnthepage	/usr/local/texlive/2025/texmf-dist/doc/latex/turnthepage/turnthepage.tex	/usr/local/texlive/2025/texmf-dist/doc/latex/turnthepage/turnthepage.pdf	117
typoaid	/usr/local/texlive/2025/texmf-dist/doc/latex/typoaid/typoaid.tex	/usr/local/texlive/2025/texmf-dist/doc/latex/typoaid/typoaid.pdf	240
typstfun	/usr/local/texlive/2025/texmf-dist/doc/latex/typstfun/typstfun.tex	/usr/local/texlive/2025/texmf-dist/doc/latex/typstfun/typstfun.pdf	79
uaclasses	/usr/local/texlive/2025/texmf-dist/doc/latex/uaclasses/ua-example.tex	/usr/local/texlive/2025/texmf-dist/doc/latex/uaclasses/ua-example.pdf	1013
uantwerpendocs	/usr/local/texlive/2025/texmf-dist/doc/latex/uantwerpendocs/beamerthemeuantwerpenuserguide.tex	/usr/local/texlive/2025/texmf-dist/doc/latex/uantwerpendocs/beamerthemeuantwerpenuserguide.pdf	850
uantwerpendocs	/usr/local/texlive/2025/texmf-dist/doc/latex/uantwerpendocs/uantwerpenphdthesis-example2.tex	/usr/local/texlive/2025/texmf-dist/doc/latex/uantwerpendocs/uantwerpenphdthesis-example2.pdf	186
ucalgmthesis	/usr/local/texlive/2025/texmf-dist/doc/latex/ucalgmthesis/sample-thesis.tex	/usr/local/texlive/2025/texmf-dist/doc/latex/ucalgmthesis/sample-thesis.pdf	197
ucbthesis	/usr/local/texlive/2025/texmf-dist/doc/latex/ucbthesis/ucbthesis.tex	/usr/local/texlive/2025/texmf-dist/doc/latex/ucbthesis/ucbthesis.pdf	406
udepcolor	/usr/local/texlive/2025/texmf-dist/doc/latex/udepcolor/udepcolor-doc-ES.tex	/usr/local/texlive/2025/texmf-dist/doc/latex/udepcolor/udepcolor-doc-ES.pdf	136
uebungsblatt	/usr/local/texlive/2025/texmf-dist/doc/latex/uebungsblatt/uebungsblatt-doc.tex	/usr/local/texlive/2025/texmf-dist/doc/latex/uebungsblatt/uebungsblatt-doc.pdf	235
ufrgscca	/usr/local/texlive/2025/texmf-dist/doc/latex/ufrgscca/ufrgscca.tex	/usr/local/texlive/2025/texmf-dist/doc/latex/ufrgscca/ufrgscca.pdf	1550
uiucthesis	/usr/local/texlive/2025/texmf-dist/doc/latex/uiucthesis/thesis-ex.tex	/usr/local/texlive/2025/texmf-dist/doc/latex/uiucthesis/thesis-ex.pdf	117
ukbill	/usr/local/texlive/2025/texmf-dist/doc/latex/ukbill/ukbill-documentation.tex	/usr/local/texlive/2025/texmf-dist/doc/latex/ukbill/ukbill-documentation.pdf	838
unamthesis	/usr/local/texlive/2025/texmf-dist/doc/latex/unamthesis/UNAMThesis.tex	/usr/local/texlive/2025/texmf-dist/doc/latex/unamthesis/UNAMThesis.pdf	423
undar-digitacion	/usr/local/texlive/2025/texmf-dist/doc/latex/undar-digitacion/undar-digitacion-doc.tex	/usr/local/texlive/2025/texmf-dist/doc/latex/undar-digitacion/undar-digitacion-doc.pdf	834
undergradmath	/usr/local/texlive/2025/texmf-dist/doc/latex/undergradmath/undergradmath.tex	/usr/local/texlive/2025/texmf-dist/doc/latex/undergradmath/undergradmath.pdf	663
uni-titlepage	/usr/local/texlive/2025/texmf-dist/doc/latex/uni-titlepage/titlepage-WWUM.tex	/usr/local/texlive/2025/texmf-dist/doc/latex/uni-titlepage/titlepage-WWUM.pdf	67
unicodefonttable	/usr/local/texlive/2025/texmf-dist/doc/latex/unicodefonttable/unicodefonttable-samples.tex	/usr/local/texlive/2025/texmf-dist/doc/latex/unicodefonttable/unicodefonttable-samples.pdf	104
unifith	/usr/local/texlive/2025/texmf-dist/doc/latex/unifith/unifith-doc.tex	/usr/local/texlive/2025/texmf-dist/doc/latex/unifith/unifith-doc.pdf	711
unifront	/usr/local/texlive/2025/texmf-dist/doc/latex/unifront/unifront-example.tex	/usr/local/texlive/2025/texmf-dist/doc/latex/unifront/unifront-example.pdf	98
unizgklasa	/usr/local/texlive/2025/texmf-dist/doc/latex/unizgklasa/example.tex	/usr/local/texlive/2025/texmf-dist/doc/latex/unizgklasa/example.pdf	86
unswcover	/usr/local/texlive/2025/texmf-dist/doc/latex/unswcover/thesis.tex	/usr/local/texlive/2025/texmf-dist/doc/latex/unswcover/thesis.pdf	91
uowthesis	/usr/local/texlive/2025/texmf-dist/doc/latex/uowthesis/mythesis.tex	/usr/local/texlive/2025/texmf-dist/doc/latex/uowthesis/mythesis.pdf	236
updatemarks	/usr/local/texlive/2025/texmf-dist/doc/latex/updatemarks/updatemarks.tex	/usr/local/texlive/2025/texmf-dist/doc/latex/updatemarks/updatemarks.pdf	390
upmethodology	/usr/local/texlive/2025/texmf-dist/doc/latex/upmethodology/upmethodology-doc.tex	/usr/local/texlive/2025/texmf-dist/doc/latex/upmethodology/upmethodology-doc.pdf	2800
uri	/usr/local/texlive/2025/texmf-dist/doc/latex/uri/uri-example.tex	/usr/local/texlive/2025/texmf-dist/doc/latex/uri/uri-example.pdf	225
uspace	/usr/local/texlive/2025/texmf-dist/doc/latex/uspace/uspace.tex	/usr/local/texlive/2025/texmf-dist/doc/latex/uspace/uspace.pdf	143
uspatent	/usr/local/texlive/2025/texmf-dist/doc/latex/uspatent/PatentApplication.tex	/usr/local/texlive/2025/texmf-dist/doc/latex/uspatent/PatentApplication.pdf	117
uwthesis	/usr/local/texlive/2025/texmf-dist/doc/latex/uwthesis/uwthesis.tex	/usr/local/texlive/2025/texmf-dist/doc/latex/uwthesis/uwthesis.pdf	1067
varsfromjobname	/usr/local/texlive/2025/texmf-dist/doc/latex/varsfromjobname/varsfromjobname.tex	/usr/local/texlive/2025/texmf-dist/doc/latex/varsfromjobname/varsfromjobname.pdf	168
varwidth	/usr/local/texlive/2025/texmf-dist/doc/latex/varwidth/varwidth-doc.tex	/usr/local/texlive/2025/texmf-dist/doc/latex/varwidth/varwidth-doc.pdf	55
vcell	/usr/local/texlive/2025/texmf-dist/doc/latex/vcell/vcell.tex	/usr/local/texlive/2025/texmf-dist/doc/latex/vcell/vcell.pdf	271
vdmlisting	/usr/local/texlive/2025/texmf-dist/doc/latex/vdmlisting/vdmlisting.tex	/usr/local/texlive/2025/texmf-dist/doc/latex/vdmlisting/vdmlisting.pdf	147
verbdef	/usr/local/texlive/2025/texmf-dist/doc/latex/verbdef/verbdef.tex	/usr/local/texlive/2025/texmf-dist/doc/latex/verbdef/verbdef.pdf	53
verifica	/usr/local/texlive/2025/texmf-dist/doc/latex/verifica/example3.tex	/usr/local/texlive/2025/texmf-dist/doc/latex/verifica/example3.pdf	89
verifiche	/usr/local/texlive/2025/texmf-dist/doc/latex/verifiche/verifiche-example.tex	/usr/local/texlive/2025/texmf-dist/doc/latex/verifiche/verifiche-example.pdf	352
versonotes	/usr/local/texlive/2025/texmf-dist/doc/latex/versonotes/sample.tex	/usr/local/texlive/2025/texmf-dist/doc/latex/versonotes/sample.pdf	191
vertbars	/usr/local/texlive/2025/texmf-dist/doc/latex/vertbars/vertbars.tex	/usr/local/texlive/2025/texmf-dist/doc/latex/vertbars/vertbars.pdf	93
vocaltract	/usr/local/texlive/2025/texmf-dist/doc/latex/vocaltract/vtLatex_FigureDemo.tex	/usr/local/texlive/2025/texmf-dist/doc/latex/vocaltract/vtLatex_FigureDemo.pdf	30
vtable	/usr/local/texlive/2025/texmf-dist/doc/latex/vtable/vtable.tex	/usr/local/texlive/2025/texmf-dist/doc/latex/vtable/vtable.pdf	240
webquiz	/usr/local/texlive/2025/texmf-dist/doc/latex/webquiz/webquiz-online-manual.tex	/usr/local/texlive/2025/texmf-dist/doc/latex/webquiz/webquiz-online-manual.pdf	624
whatsnote	/usr/local/texlive/2025/texmf-dist/doc/latex/whatsnote/whatsnote-demo.tex	/usr/local/texlive/2025/texmf-dist/doc/latex/whatsnote/whatsnote-demo.pdf	25
windycity	/usr/local/texlive/2025/texmf-dist/doc/latex/windycity/windycity.tex	/usr/local/texlive/2025/texmf-dist/doc/latex/windycity/windycity.pdf	4377
wordle	/usr/local/texlive/2025/texmf-dist/doc/latex/wordle/wordle-doc-fr.tex	/usr/local/texlive/2025/texmf-dist/doc/latex/wordle/wordle-doc-fr.pdf	767
writeongrid	/usr/local/texlive/2025/texmf-dist/doc/latex/writeongrid/WriteOnGrid-Ruled-A5.tex	/usr/local/texlive/2025/texmf-dist/doc/latex/writeongrid/WriteOnGrid-Ruled-A5.pdf	26
wsemclassic	/usr/local/texlive/2025/texmf-dist/doc/latex/wsemclassic/wsemclassic-test.tex	/usr/local/texlive/2025/texmf-dist/doc/latex/wsemclassic/wsemclassic-test.pdf	136
xassoccnt	/usr/local/texlive/2025/texmf-dist/doc/latex/xassoccnt/xassoccnt_doc.tex	/usr/local/texlive/2025/texmf-dist/doc/latex/xassoccnt/xassoccnt_doc.pdf	2766
xcolor	/usr/local/texlive/2025/texmf-dist/doc/latex/xcolor/xcolor2.tex	/usr/local/texlive/2025/texmf-dist/doc/latex/xcolor/xcolor2.pdf	158
xebaposter	/usr/local/texlive/2025/texmf-dist/doc/latex/xebaposter/poster.tex	/usr/local/texlive/2025/texmf-dist/doc/latex/xebaposter/poster.pdf	349
xfakebold	/usr/local/texlive/2025/texmf-dist/doc/latex/xfakebold/xfakebold-doc.tex	/usr/local/texlive/2025/texmf-dist/doc/latex/xfakebold/xfakebold-doc.pdf	242
xhfill	/usr/local/texlive/2025/texmf-dist/doc/latex/xhfill/xhfill-doc.tex	/usr/local/texlive/2025/texmf-dist/doc/latex/xhfill/xhfill-doc.pdf	103
xkcdcolors	/usr/local/texlive/2025/texmf-dist/doc/latex/xkcdcolors/xkcdcolors-manual.tex	/usr/local/texlive/2025/texmf-dist/doc/latex/xkcdcolors/xkcdcolors-manual.pdf	1016
xkeymask	/usr/local/texlive/2025/texmf-dist/doc/latex/xkeymask/xkeymask.tex	/usr/local/texlive/2025/texmf-dist/doc/latex/xkeymask/xkeymask.pdf	123
xreview	/usr/local/texlive/2025/texmf-dist/doc/latex/xreview/xreview.tex	/usr/local/texlive/2025/texmf-dist/doc/latex/xreview/xreview.pdf	590
xsipa	/usr/local/texlive/2025/texmf-dist/doc/latex/xsipa/xsipa_doc.tex	/usr/local/texlive/2025/texmf-dist/doc/latex/xsipa/xsipa_doc.pdf	96
xskak	/usr/local/texlive/2025/texmf-dist/doc/latex/xskak/xskak_and_beamer.tex	/usr/local/texlive/2025/texmf-dist/doc/latex/xskak/xskak_and_beamer.pdf	63
zed-csp	/usr/local/texlive/2025/texmf-dist/doc/latex/zed-csp/csp2e.tex	/usr/local/texlive/2025/texmf-dist/doc/latex/zed-csp/csp2e.pdf	381
zennote	/usr/local/texlive/2025/texmf-dist/doc/latex/zennote/zennote.tex	/usr/local/texlive/2025/texmf-dist/doc/latex/zennote/zennote.pdf	205
zhlineskip	/usr/local/texlive/2025/texmf-dist/doc/latex/zhlineskip/zhlineskip.tex	/usr/local/texlive/2025/texmf-dist/doc/latex/zhlineskip/zhlineskip.pdf	732
zref-vario	/usr/local/texlive/2025/texmf-dist/doc/latex/zref-vario/zref-vario-doc.tex	/usr/local/texlive/2025/texmf-dist/doc/latex/zref-vario/zref-vario-doc.pdf	376
zugferd	/usr/local/texlive/2025/texmf-dist/doc/latex/zugferd/DEMO-rechnung-zugferd-Kleinunternehmen.tex	/usr/local/texlive/2025/texmf-dist/doc/latex/zugferd/DEMO-rechnung-zugferd-Kleinunternehmen.pdf	95
